/*
 Navicat Premium Data Transfer

 Source Server         : 本地数据库
 Source Server Type    : MySQL
 Source Server Version : 100313
 Source Host           : localhost:3306
 Source Schema         : kpfwvue

 Target Server Type    : MySQL
 Target Server Version : 100313
 File Encoding         : 65001

 Date: 19/08/2020 17:19:36
*/

SET NAMES utf8mb4;
SET FOREIGN_KEY_CHECKS = 0;

-- ----------------------------
-- Table structure for t_qx_menu
-- ----------------------------
DROP TABLE IF EXISTS `t_qx_menu`;
CREATE TABLE `t_qx_menu`  (
  `ID` varchar(32) CHARACTER SET utf8 COLLATE utf8_general_ci NOT NULL,
  `NAME` varchar(255) CHARACTER SET utf8 COLLATE utf8_general_ci NULL DEFAULT NULL,
  `URL` varchar(255) CHARACTER SET utf8 COLLATE utf8_general_ci NULL DEFAULT NULL,
  `PARENT_ID` varchar(32) CHARACTER SET utf8 COLLATE utf8_general_ci NULL DEFAULT NULL,
  `SORT` int(11) NULL DEFAULT NULL,
  `MARK` varchar(32) CHARACTER SET utf8 COLLATE utf8_general_ci NULL DEFAULT NULL,
  `ICON_URL` varchar(255) CHARACTER SET utf8 COLLATE utf8_general_ci NULL DEFAULT NULL COMMENT '图标路径',
  PRIMARY KEY (`ID`) USING BTREE
) ENGINE = InnoDB CHARACTER SET = utf8 COLLATE = utf8_general_ci ROW_FORMAT = Dynamic;

-- ----------------------------
-- Records of t_qx_menu
-- ----------------------------
INSERT INTO `t_qx_menu` VALUES ('1', '权限管理', '', '0', 1, '1', 'el-icon-setting');
INSERT INTO `t_qx_menu` VALUES ('10', '已开发票查询', '/aisino/kjcgPage', '9', 1, '1', NULL);
INSERT INTO `t_qx_menu` VALUES ('1545367804', '电票下载', '/aisino/orderhead/download', '10', 2, '0', NULL);
INSERT INTO `t_qx_menu` VALUES ('1545632828', '添加角色', '/aisino/insertNewRole', '3', 1, '0', NULL);
INSERT INTO `t_qx_menu` VALUES ('1545632982', '修改角色', '/aisino/updateRole', '3', 2, '0', NULL);
INSERT INTO `t_qx_menu` VALUES ('1545633020', '删除角色', '/aisino/deleteRole', '3', 3, '0', NULL);
INSERT INTO `t_qx_menu` VALUES ('1545634321', '删除资源', '/aisino/deleteMenu', '4', 4, '0', NULL);
INSERT INTO `t_qx_menu` VALUES ('1545634357', '查询角色', '/aisino/getRole', '3', 4, '0', NULL);
INSERT INTO `t_qx_menu` VALUES ('1545634395', '修改资源页面', '/aisino/editMenuPage', '4', 7, '0', NULL);
INSERT INTO `t_qx_menu` VALUES ('1545634669', '纸票打印', '/aisino/daYin', '10', 3, '0', NULL);
INSERT INTO `t_qx_menu` VALUES ('1545634996', '删除用户', '/aisino/deleteUser', '2', 4, '0', NULL);
INSERT INTO `t_qx_menu` VALUES ('1545635194', '添加用户页面', '/aisino/qxUserAddHtmlPage', '2', 8, '0', NULL);
INSERT INTO `t_qx_menu` VALUES ('1545635235', '修改用户页面', '/aisino/qxUserEditHtmlPage', '2', 9, '0', NULL);
INSERT INTO `t_qx_menu` VALUES ('1545635268', '角色列表', '/aisino/getRoles', '2', 5, '0', NULL);
INSERT INTO `t_qx_menu` VALUES ('1545635364', '选择角色页面', '/aisino/qxUserRolePage', '2', 10, '0', NULL);
INSERT INTO `t_qx_menu` VALUES ('1545635629', '待开发票合并', '/aisino/HeBingBuTongFaPiao', '7', 2, '0', NULL);
INSERT INTO `t_qx_menu` VALUES ('1545635671', '勾选开票', '/aisino/kaiPiao', '7', 3, '0', NULL);
INSERT INTO `t_qx_menu` VALUES ('1545637078', '查询用户', '/aisino/getUserList', '2', 1, '0', NULL);
INSERT INTO `t_qx_menu` VALUES ('1545637233', '查询资源', '/aisino/selectAllMenu', '4', 1, '0', NULL);
INSERT INTO `t_qx_menu` VALUES ('1545638021', '检查用户名', '/aisino/checkUser', '2', 7, '0', NULL);
INSERT INTO `t_qx_menu` VALUES ('1545638415', '添加用户', '/aisino/saveUser', '2', 2, '0', NULL);
INSERT INTO `t_qx_menu` VALUES ('1545638700', '修改用户及重置密码', '/aisino/editUser', '2', 3, '0', NULL);
INSERT INTO `t_qx_menu` VALUES ('1545638902', '选择角色', '/aisino/saveUserRole', '2', 6, '0', NULL);
INSERT INTO `t_qx_menu` VALUES ('1545639211', '查询角色资源列表', '/aisino/selectRoleMenu', '3', 5, '0', NULL);
INSERT INTO `t_qx_menu` VALUES ('1545639268', '修改角色资源', '/aisino/addRoleMenu', '3', 6, '0', NULL);
INSERT INTO `t_qx_menu` VALUES ('1545640329', '上级资源', '/aisino/selectAllMarkMenu', '4', 5, '0', NULL);
INSERT INTO `t_qx_menu` VALUES ('1545640384', '修改资源', '/aisino/updateMenu', '4', 3, '0', NULL);
INSERT INTO `t_qx_menu` VALUES ('1545640459', '添加资源', '/aisino/insertMenu', '4', 2, '0', NULL);
INSERT INTO `t_qx_menu` VALUES ('1545701056', '查询待开发票', '/aisino/orderhead/filterApply', '7', 1, '0', NULL);
INSERT INTO `t_qx_menu` VALUES ('1545701154', '修改待开发票页面', '/aisino/changeOrderPage', '7', 7, '0', NULL);
INSERT INTO `t_qx_menu` VALUES ('1545701267', '查询待开发票明细', '/aisino/getOrderLineList', '7', 4, '0', NULL);
INSERT INTO `t_qx_menu` VALUES ('1545701350', '修改待开发票', '/aisino/updateOrderData', '7', 5, '0', NULL);
INSERT INTO `t_qx_menu` VALUES ('1545701482', '勾选拆分', '/aisino/ChaiFenHang', '7', 6, '0', NULL);
INSERT INTO `t_qx_menu` VALUES ('1545701857', '查询开具成功发票', '/aisino/orderhead/filter', '10', 1, '0', NULL);
INSERT INTO `t_qx_menu` VALUES ('1545701920', '发票红冲', '/aisino/kaiPiao', '10', 5, '0', NULL);
INSERT INTO `t_qx_menu` VALUES ('1545701985', '发票作废', '/aisino/zuoFei', '10', 4, '0', NULL);
INSERT INTO `t_qx_menu` VALUES ('1545702459', '权限管理页面', '/aisino/qxRoleTreeTablePage', '3', 7, '0', NULL);
INSERT INTO `t_qx_menu` VALUES ('1546414742', '修改密码页面', '/aisino/qxUserPwdEdit', '2', 11, '0', NULL);
INSERT INTO `t_qx_menu` VALUES ('1546416303', '检测原密码', '/aisino/checkUserPwd', '2', 12, '0', NULL);
INSERT INTO `t_qx_menu` VALUES ('1553153001', '更新红冲通知单', '/aisino/orderhead/updatebz', '10', 6, '0', NULL);
INSERT INTO `t_qx_menu` VALUES ('1553153144', '更新红冲通知单', '/aisino/orderhead/updatebz', '7', 8, '0', NULL);
INSERT INTO `t_qx_menu` VALUES ('1563346263', '销方信息管理', '', '0', 2, '1', 'el-icon-user');
INSERT INTO `t_qx_menu` VALUES ('1563346414', '销方信息维护', '/aisino/sellerPage', '1563346263', 1, '1', NULL);
INSERT INTO `t_qx_menu` VALUES ('1563349698', '销方列表查询', '/aisino/orderhead/getXfxxList', '1563346414', 1, '0', NULL);
INSERT INTO `t_qx_menu` VALUES ('1563786247', '保存销方信息', '/aisino/orderhead/addXfxx', '1563346414', 2, '0', NULL);
INSERT INTO `t_qx_menu` VALUES ('1563863147', '管理用户列表', '/aisino/adminlist', '1563346414', 3, '0', NULL);
INSERT INTO `t_qx_menu` VALUES ('1563871600', '删除销方', '/aisino/orderhead/deleteXfxx', '1563346414', 4, '0', NULL);
INSERT INTO `t_qx_menu` VALUES ('1563938614', '编辑销方信息', '/aisino/orderhead/updateXfxx', '1563346414', 5, '0', NULL);
INSERT INTO `t_qx_menu` VALUES ('1568086654', '授权用户表', '/aisino/selectZJBList', '1563346414', 8, '0', NULL);
INSERT INTO `t_qx_menu` VALUES ('1568086688', '授权用户', '/aisino/selectUersByUUID', '1563346414', 9, '0', NULL);
INSERT INTO `t_qx_menu` VALUES ('1568090968', '用户授权绑定销方', '/aisino/orderhead/addRelation', '1563346414', 10, '0', NULL);
INSERT INTO `t_qx_menu` VALUES ('1568091003', '解除用户与销方的绑定', '/aisino/orderhead/deleteRelation', '1563346414', 11, '0', NULL);
INSERT INTO `t_qx_menu` VALUES ('1571208179', '新增资源按钮', '/qxGnTreeTablePage/xzzyBtn', '4', 12, '2', '');
INSERT INTO `t_qx_menu` VALUES ('1571208234', '资源删除按钮', '/qxGnTreeTablePage/zyscBtn', '4', 13, '2', '');
INSERT INTO `t_qx_menu` VALUES ('1571208261', '资源修改按钮', '/qxGnTreeTablePage/zyxgBtn', '4', 14, '2', '');
INSERT INTO `t_qx_menu` VALUES ('1571208339', '用户过滤按钮', '/qxUserManagePage/yhgnBtn', '2', 12, '2', '');
INSERT INTO `t_qx_menu` VALUES ('1571208368', '用户重置按钮', '/qxUserManagePage/yhczBtn', '2', 13, '2', '');
INSERT INTO `t_qx_menu` VALUES ('1571208387', '添加用户按钮', '/qxUserManagePage/tjyhBtn', '2', 14, '2', '');
INSERT INTO `t_qx_menu` VALUES ('1571208452', '数据编辑按钮', '/qxUserManagePage/sjbjBtn', '2', 15, '2', '');
INSERT INTO `t_qx_menu` VALUES ('1571208481', '角色选择按钮', '/qxUserManagePage/jsxzBtn', '2', 16, '2', '');
INSERT INTO `t_qx_menu` VALUES ('1571208503', '重置密码按钮', '/qxUserManagePage/czmmBtn', '2', 17, '2', '');
INSERT INTO `t_qx_menu` VALUES ('1571208527', '数据删除按钮', '/qxUserManagePage/sjscBtn', '2', 18, '2', '');
INSERT INTO `t_qx_menu` VALUES ('1571208557', '添加角色按钮', '/jsglPage/tjjsBtn', '3', 8, '2', '');
INSERT INTO `t_qx_menu` VALUES ('1571208581', '页面管理按钮', '/jsglPage/ymglBtn', '3', 9, '2', '');
INSERT INTO `t_qx_menu` VALUES ('1571208612', '数据编辑按钮', '/jsglPage/sjbjBtn', '3', 10, '2', '');
INSERT INTO `t_qx_menu` VALUES ('1571208629', '数据删除按钮', '/jsglPage/sjscBtn', '3', 11, '2', '');
INSERT INTO `t_qx_menu` VALUES ('1571926098', '购方管理', '/aisino/purchasePage', '1571926098', 5, '1', '');
INSERT INTO `t_qx_menu` VALUES ('1571983978', '购方管理', 'aisino/purchasePage', '1571926098', 5, '1', '');
INSERT INTO `t_qx_menu` VALUES ('1571984091', '购方管理', '/aisino/purchasePage', '1', 5, '1', '');
INSERT INTO `t_qx_menu` VALUES ('1572249769', '撤回(new)', '/aisino/cheHui', '7', 1, '0', '');
INSERT INTO `t_qx_menu` VALUES ('1572320564', '销方下拉框数据', '/aisino/orderhead/getXfxxListByUser', '9', 1, '0', '');
INSERT INTO `t_qx_menu` VALUES ('1572337840', '代开发票抬头数据修改', '/aisino/updataitou', '7', 1, '0', '');
INSERT INTO `t_qx_menu` VALUES ('1572338365', '明细页面数据查询', '/aisino/selectGFXX', '7', 1, '0', '');
INSERT INTO `t_qx_menu` VALUES ('1572357136', '手机查询已开发票', '/aisino/orderhead/mobilefilter', '10', 7, '0', '');
INSERT INTO `t_qx_menu` VALUES ('1572360847', '购方信息过滤', '/aisino/orderhead/getGfxxList', '1571984091', 1, '0', '');
INSERT INTO `t_qx_menu` VALUES ('1572361117', '新建购方信息', '/aisino/orderhead/addGfxx', '1571984091', 2, '0', '');
INSERT INTO `t_qx_menu` VALUES ('1572361175', '编辑购方信息', '/aisino/orderhead/updateGfxx', '1571984091', 3, '0', '');
INSERT INTO `t_qx_menu` VALUES ('1572361242', '删除购方信息', '/aisino/orderhead/deleteGfxx', '1571984091', 4, '0', '');
INSERT INTO `t_qx_menu` VALUES ('1572361628', '导入购方信息', '/aisino/orderhead/uploadGfxx', '1571984091', 6, '0', '');
INSERT INTO `t_qx_menu` VALUES ('1572513199', '已开发票查询按钮', '/kjcgPage/cxBtn', '10', 15, '2', '');
INSERT INTO `t_qx_menu` VALUES ('1572513393', '发票过滤按钮', '/kjcgPage/kjgnBtn', '10', 14, '2', '');
INSERT INTO `t_qx_menu` VALUES ('1572513888', '电票下载按钮', '/kjcgPage/dpxzBtn', '10', 13, '2', '');
INSERT INTO `t_qx_menu` VALUES ('1572513944', '纸票打印按钮', '/kjcgPage/zpdyBtn', '10', 12, '2', '');
INSERT INTO `t_qx_menu` VALUES ('1572513993', '纸票作废按钮', '/kjcgPage/zpzfBtn', '10', 11, '2', '');
INSERT INTO `t_qx_menu` VALUES ('1572514175', '纸票红冲按钮', '/kjcgPage/zphcBtn', '10', 16, '2', '');
INSERT INTO `t_qx_menu` VALUES ('1572514200', '表格导出按钮', '/kjcgPage/bgdcBtn', '10', 10, '2', '');
INSERT INTO `t_qx_menu` VALUES ('1572514642', '电票预览按钮', '/kjcgPage/dpylBtn', '10', 9, '2', '');
INSERT INTO `t_qx_menu` VALUES ('1572517850', '销方查询按钮', '/sellerPage/xfcxBtn', '1563346414', 17, '2', '');
INSERT INTO `t_qx_menu` VALUES ('1572517882', '销方过滤按钮', '/sellerPage/xfgnBtn', '1563346414', 16, '2', '');
INSERT INTO `t_qx_menu` VALUES ('1572517906', '销方新建按钮', '/sellerPage/xfxjBtn', '1563346414', 15, '2', '');
INSERT INTO `t_qx_menu` VALUES ('1572517933', '销方修改按钮', '/sellerPage/xfxgBtn', '1563346414', 14, '2', '');
INSERT INTO `t_qx_menu` VALUES ('1572517962', '销方删除按钮', '/sellerPage/xfscBtn', '1563346414', 13, '2', '');
INSERT INTO `t_qx_menu` VALUES ('1572517985', '销方授权按钮', '/sellerPage/xfsqBtn', '1563346414', 12, '2', '');
INSERT INTO `t_qx_menu` VALUES ('1572518816', '购方过滤按钮', '/purchasePage/gfgnBtn', '1571984091', 12, '2', '');
INSERT INTO `t_qx_menu` VALUES ('1572518838', '购方新建按钮', '/purchasePage/gfxjBtn', '1571984091', 11, '2', '');
INSERT INTO `t_qx_menu` VALUES ('1572518859', '购方修改按钮', '/purchasePage/gfxgBtn', '1571984091', 10, '2', '');
INSERT INTO `t_qx_menu` VALUES ('1572518883', '购方删除按钮', '/purchasePage/gfscBtn', '1571984091', 9, '2', '');
INSERT INTO `t_qx_menu` VALUES ('1572518906', '购方导入按钮', '/purchasePage/gfdrBtn', '1571984091', 8, '2', '');
INSERT INTO `t_qx_menu` VALUES ('1572518928', '购方导出按钮', '/purchasePage/gfdcBtn', '1571984091', 7, '2', '');
INSERT INTO `t_qx_menu` VALUES ('1572576184', '开票判断污水费', '/aisino/kaiPiao2', '7', 1, '0', '');
INSERT INTO `t_qx_menu` VALUES ('1572614770', '模板下载按钮', '/purchasePage/mbxzBtn', '1571984091', 13, '2', '');
INSERT INTO `t_qx_menu` VALUES ('1572614809', '购方上传按钮', '/purchasePage/gfwjscBtn', '1571984091', 14, '2', '');
INSERT INTO `t_qx_menu` VALUES ('1572702717', '购方信息导出功能', '/aisino/orderhead/exportGfxx', '1571984091', 0, '0', '');
INSERT INTO `t_qx_menu` VALUES ('1572845856', '销方管理', '/aisino/xfglDate', '1563346263', 1, '0', '');
INSERT INTO `t_qx_menu` VALUES ('1572849140', '查询销方ID', '/aisino/xfglDa', '1563346263', 1, '0', '');
INSERT INTO `t_qx_menu` VALUES ('1572853182', '删除现有销方', '/aisino/deleteXF', '1563346263', 1, '0', '');
INSERT INTO `t_qx_menu` VALUES ('1572854669', '新增销方', '/aisino/addXF', '1563346263', 1, '0', '');
INSERT INTO `t_qx_menu` VALUES ('1573175690', '已开发票excel导出', '/aisino/orderhead/exportYkfp', '10', 0, '0', '');
INSERT INTO `t_qx_menu` VALUES ('1573201534', '已开发票统计', '/aisino/YKFPStatisticsPage', '9', 3, '1', '');
INSERT INTO `t_qx_menu` VALUES ('1573610968', '已开发票统计查询', '/aisino/statistics/statisticsYKFP', '1573201534', 1, '0', '');
INSERT INTO `t_qx_menu` VALUES ('1573740803', '已开发票导出', '/aisino/statistics/exportStatisticsYKFP', '1573201534', 2, '0', '');
INSERT INTO `t_qx_menu` VALUES ('1573802580', '已开统计过滤', '/YKFPStatisticsPage/yktjgnBtn', '1573201534', 3, '2', '');
INSERT INTO `t_qx_menu` VALUES ('1573802624', '已开发票统计导出按钮', '/YKFPStatisticsPage/yktjbkdcBtn', '1573201534', 4, '2', '');
INSERT INTO `t_qx_menu` VALUES ('1574065950', '水费发票开具情况统计', '/aisino/statistics/statisticsSFKJ', '1573201534', 5, '0', '');
INSERT INTO `t_qx_menu` VALUES ('1574154744', '本期已开发票按钮', '/YKFPStatisticsPage/bqykfpBtn', '1573201534', 6, '2', '');
INSERT INTO `t_qx_menu` VALUES ('1574154784', '水费发票开具情况统计过滤按钮', '/YKFPStatisticsPage/sfkjtjgnBtn', '1573201534', 7, '2', '');
INSERT INTO `t_qx_menu` VALUES ('1574154825', '水费发票开具情况统计导出按钮', '/YKFPStatisticsPage/sfkjtjbkdcBtn', '1573201534', 8, '2', '');
INSERT INTO `t_qx_menu` VALUES ('1574154866', '发票汇总按钮', '/YKFPStatisticsPage/fphzBtn', '1573201534', 9, '2', '');
INSERT INTO `t_qx_menu` VALUES ('1574234372', '已开发票查询重置按钮', '/kjcgPage/ykczBtn', '10', 17, '2', '');
INSERT INTO `t_qx_menu` VALUES ('1574234962', '购方重置按钮', '/purchasePage/gfczBtn', '1571984091', 15, '2', '');
INSERT INTO `t_qx_menu` VALUES ('1574235653', '销方重置按钮', '/sellerPage/xfczBtn', '1563346414', 18, '2', '');
INSERT INTO `t_qx_menu` VALUES ('1574237798', '已开发票统计重置按钮', '/YKFPStatisticsPage/yktjczBtn', '1573201534', 10, '2', '');
INSERT INTO `t_qx_menu` VALUES ('1574237836', '水费发票开具情况统计重置按钮', '/YKFPStatisticsPage/sfkjtjczBtn', '1573201534', 11, '2', '');
INSERT INTO `t_qx_menu` VALUES ('1574315067', '购方查询按钮', '/purchasePage/gfcxBtn', '1571984091', 16, '2', '');
INSERT INTO `t_qx_menu` VALUES ('1574326798', '勾选开票按钮', '/zpkjPage/gxkpBtn', '7', 15, '2', '');
INSERT INTO `t_qx_menu` VALUES ('1574327323', '代开发票页面过滤按钮', '/zpkjPage/guolvBtn', '7', 16, '2', '');
INSERT INTO `t_qx_menu` VALUES ('1574327351', '代开发票页面重置按钮', '/zpkjPage/chongzhiBtn', '7', 17, '2', '');
INSERT INTO `t_qx_menu` VALUES ('1574327388', '代开发票页面发票填开按钮', '/zpkjPage/fptkBtn', '7', 19, '2', '');
INSERT INTO `t_qx_menu` VALUES ('1574385310', '代开发票页面 双击行的保存按钮', '/zpkjPage/SJBCBtn', '7', 19, '2', '');
INSERT INTO `t_qx_menu` VALUES ('1574824496', '销方管理按钮', '/qxUserManagePage/xfglBtn', '2', 14, '2', '');
INSERT INTO `t_qx_menu` VALUES ('1575007922', '分机查询', '/aisino/orderhead/selectfjByXFID', '1563346414', 25, '0', '');
INSERT INTO `t_qx_menu` VALUES ('1575009758', '添加分机', '/aisino/orderhead/addfj', '1563346414', 26, '0', '');
INSERT INTO `t_qx_menu` VALUES ('1575010747', '删除分机', '/aisino/orderhead/deletefj', '1563346414', 27, '0', '');
INSERT INTO `t_qx_menu` VALUES ('1575013637', '销方新增授权用户按钮', '/sellerPage/xfxzyhBtn', '1563346414', 19, '2', '');
INSERT INTO `t_qx_menu` VALUES ('1575013671', '销方删除授权用户按钮', '/sellerPage/xfxzscBtn', '1563346414', 20, '2', '');
INSERT INTO `t_qx_menu` VALUES ('1575013701', '销方分机管理按钮', '/sellerPage/xffjglBtn', '1563346414', 21, '2', '');
INSERT INTO `t_qx_menu` VALUES ('1575013723', '销方分机新增按钮', '/sellerPage/xffjxzBtn', '1563346414', 22, '2', '');
INSERT INTO `t_qx_menu` VALUES ('1575013758', '销方分机删除按钮', '/sellerPage/xffjscBtn', '1563346414', 23, '2', '');
INSERT INTO `t_qx_menu` VALUES ('1577889086', '商品管理', '/aisino/GoodsInfo', '1563346263', 2, '1', '');
INSERT INTO `t_qx_menu` VALUES ('1585536745', '1231', '', '2', 1, '1', '');
INSERT INTO `t_qx_menu` VALUES ('1588154815', '未开', '/aisino/WkFpPage', '5', 2, '1', '');
INSERT INTO `t_qx_menu` VALUES ('1595812358', '代开发票撤回按钮', '/zpkjPage/chehuiBtn', '7', 20, '2', '');
INSERT INTO `t_qx_menu` VALUES ('1597285389', '演示页面', '/aisino/yanshiyemian', '9', 5, '1', '');
INSERT INTO `t_qx_menu` VALUES ('2', '用户管理', '/aisino/qxUserManagePage', '1', 2, '1', NULL);
INSERT INTO `t_qx_menu` VALUES ('3', '角色管理', '/aisino/jsglPage', '1', 3, '1', NULL);
INSERT INTO `t_qx_menu` VALUES ('4', '资源管理', '/aisino/qxGnTreeTablePage', '1', 4, '1', NULL);
INSERT INTO `t_qx_menu` VALUES ('5', '发票开具', '', '0', 3, '1', 'el-icon-document');
INSERT INTO `t_qx_menu` VALUES ('7', '待开发票', '/aisino/zpkjPage', '5', 7, '1', NULL);
INSERT INTO `t_qx_menu` VALUES ('9', '数据查询', '', '0', 4, '1', 'el-icon-data-line');

-- ----------------------------
-- Table structure for t_qx_role
-- ----------------------------
DROP TABLE IF EXISTS `t_qx_role`;
CREATE TABLE `t_qx_role`  (
  `ID` varchar(32) CHARACTER SET utf8 COLLATE utf8_general_ci NOT NULL,
  `NAME` varchar(255) CHARACTER SET utf8 COLLATE utf8_general_ci NULL DEFAULT NULL,
  `SORT` int(11) NULL DEFAULT NULL,
  `MENU_ID` varchar(2000) CHARACTER SET utf8 COLLATE utf8_general_ci NULL DEFAULT NULL,
  PRIMARY KEY (`ID`) USING BTREE
) ENGINE = InnoDB CHARACTER SET = utf8 COLLATE = utf8_general_ci ROW_FORMAT = Dynamic;

-- ----------------------------
-- Records of t_qx_role
-- ----------------------------
INSERT INTO `t_qx_role` VALUES ('29934f79215d424db4af54f90158d2c2', '开发人员', 1, '1545294622');
INSERT INTO `t_qx_role` VALUES ('5439c098a3de41efa0725e8c493ce996', '管理员', 1, NULL);
INSERT INTO `t_qx_role` VALUES ('5da510c65ee54ba3a7d6ef0f1b6aab8e', '手机角色', 4, NULL);
INSERT INTO `t_qx_role` VALUES ('a95c4cecd1ef4ae0958fe09521e2f844', '开票员', 2, NULL);
INSERT INTO `t_qx_role` VALUES ('c0c1b1212fda43e1b2e0c2b4b4153f77', '测试', 10, NULL);
INSERT INTO `t_qx_role` VALUES ('fd6e5393aac44f179c79ee94c50fdf70', '财务人员', 3, NULL);

-- ----------------------------
-- Table structure for t_qx_user
-- ----------------------------
DROP TABLE IF EXISTS `t_qx_user`;
CREATE TABLE `t_qx_user`  (
  `ID` varchar(50) CHARACTER SET utf8 COLLATE utf8_general_ci NOT NULL,
  `USERNAME` varchar(255) CHARACTER SET utf8 COLLATE utf8_general_ci NULL DEFAULT NULL,
  `PASSWORD` varchar(255) CHARACTER SET utf8 COLLATE utf8_general_ci NULL DEFAULT NULL,
  `NAME` varchar(255) CHARACTER SET utf8 COLLATE utf8_general_ci NULL DEFAULT NULL,
  `ROLE_ID` varchar(32) CHARACTER SET utf8 COLLATE utf8_general_ci NULL DEFAULT NULL,
  `SORT` int(11) NULL DEFAULT NULL,
  `COMPANY_ID` varchar(255) CHARACTER SET utf8 COLLATE utf8_general_ci NULL DEFAULT NULL,
  `COMPANY_NAME` varchar(255) CHARACTER SET utf8 COLLATE utf8_general_ci NULL DEFAULT NULL,
  PRIMARY KEY (`ID`) USING BTREE
) ENGINE = InnoDB CHARACTER SET = utf8 COLLATE = utf8_general_ci ROW_FORMAT = Dynamic;

-- ----------------------------
-- Records of t_qx_user
-- ----------------------------
INSERT INTO `t_qx_user` VALUES ('056b3031-ac83-4575-9110-6fdb4a89d327', 'test', '202cb962ac59075b964b07152d234b70', '测试用户', NULL, 0, '123', '123');
INSERT INTO `t_qx_user` VALUES ('07779236-900e-4871-ab0c-69e1afa02c25', 'admin', '202cb962ac59075b964b07152d234b70', '超管', '123', 0, '1234', '321');
INSERT INTO `t_qx_user` VALUES ('0f911102-bfbd-4ea0-af59-ec7578efa449', '1122', 'c4ca4238a0b923820dcc509a6f75849b', '1111', NULL, 0, '1111', '1111');
INSERT INTO `t_qx_user` VALUES ('9b97e744-247b-4db3-b02d-799f62a17c9c', 'zs', '202cb962ac59075b964b07152d234b70', '张帅', NULL, 0, '澳门皇家赌场', '澳门皇家赌场');
INSERT INTO `t_qx_user` VALUES ('c9142101-3155-41ed-b0c8-f603aa508e58', '11', '6512bd43d9caa6e02c990b0a82652dca', '11', NULL, 0, '11', '11');

-- ----------------------------
-- Table structure for t_role_menu
-- ----------------------------
DROP TABLE IF EXISTS `t_role_menu`;
CREATE TABLE `t_role_menu`  (
  `ROLEID` varchar(200) CHARACTER SET utf8 COLLATE utf8_general_ci NULL DEFAULT NULL,
  `EMNUID` varchar(200) CHARACTER SET utf8 COLLATE utf8_general_ci NULL DEFAULT NULL
) ENGINE = InnoDB CHARACTER SET = utf8 COLLATE = utf8_general_ci ROW_FORMAT = Dynamic;

-- ----------------------------
-- Records of t_role_menu
-- ----------------------------
INSERT INTO `t_role_menu` VALUES ('0', '2');
INSERT INTO `t_role_menu` VALUES ('0', '3');
INSERT INTO `t_role_menu` VALUES ('0', '4');
INSERT INTO `t_role_menu` VALUES ('0', '5');
INSERT INTO `t_role_menu` VALUES ('0', '7');
INSERT INTO `t_role_menu` VALUES ('0', '8');
INSERT INTO `t_role_menu` VALUES ('0', '9');
INSERT INTO `t_role_menu` VALUES ('0', '1');
INSERT INTO `t_role_menu` VALUES ('0', '2');
INSERT INTO `t_role_menu` VALUES ('0', '3');
INSERT INTO `t_role_menu` VALUES ('0', '4');
INSERT INTO `t_role_menu` VALUES ('0', '5');
INSERT INTO `t_role_menu` VALUES ('0', '7');
INSERT INTO `t_role_menu` VALUES ('0', '8');
INSERT INTO `t_role_menu` VALUES ('0', '9');
INSERT INTO `t_role_menu` VALUES ('0', '1');
INSERT INTO `t_role_menu` VALUES ('fd6e5393aac44f179c79ee94c50fdf70', '5');
INSERT INTO `t_role_menu` VALUES ('fd6e5393aac44f179c79ee94c50fdf70', '7');
INSERT INTO `t_role_menu` VALUES ('fd6e5393aac44f179c79ee94c50fdf70', '1545701056');
INSERT INTO `t_role_menu` VALUES ('fd6e5393aac44f179c79ee94c50fdf70', '1572249769');
INSERT INTO `t_role_menu` VALUES ('fd6e5393aac44f179c79ee94c50fdf70', '1572337840');
INSERT INTO `t_role_menu` VALUES ('fd6e5393aac44f179c79ee94c50fdf70', '1572338365');
INSERT INTO `t_role_menu` VALUES ('fd6e5393aac44f179c79ee94c50fdf70', '1572576184');
INSERT INTO `t_role_menu` VALUES ('fd6e5393aac44f179c79ee94c50fdf70', '1545635629');
INSERT INTO `t_role_menu` VALUES ('fd6e5393aac44f179c79ee94c50fdf70', '1545635671');
INSERT INTO `t_role_menu` VALUES ('fd6e5393aac44f179c79ee94c50fdf70', '1545701267');
INSERT INTO `t_role_menu` VALUES ('fd6e5393aac44f179c79ee94c50fdf70', '1545701350');
INSERT INTO `t_role_menu` VALUES ('fd6e5393aac44f179c79ee94c50fdf70', '1545701482');
INSERT INTO `t_role_menu` VALUES ('fd6e5393aac44f179c79ee94c50fdf70', '1545701154');
INSERT INTO `t_role_menu` VALUES ('fd6e5393aac44f179c79ee94c50fdf70', '1553153144');
INSERT INTO `t_role_menu` VALUES ('fd6e5393aac44f179c79ee94c50fdf70', '1574326798');
INSERT INTO `t_role_menu` VALUES ('fd6e5393aac44f179c79ee94c50fdf70', '1574327323');
INSERT INTO `t_role_menu` VALUES ('fd6e5393aac44f179c79ee94c50fdf70', '1574327351');
INSERT INTO `t_role_menu` VALUES ('fd6e5393aac44f179c79ee94c50fdf70', '1574327388');
INSERT INTO `t_role_menu` VALUES ('fd6e5393aac44f179c79ee94c50fdf70', '1574385310');
INSERT INTO `t_role_menu` VALUES ('fd6e5393aac44f179c79ee94c50fdf70', '9');
INSERT INTO `t_role_menu` VALUES ('fd6e5393aac44f179c79ee94c50fdf70', '10');
INSERT INTO `t_role_menu` VALUES ('fd6e5393aac44f179c79ee94c50fdf70', '1573175690');
INSERT INTO `t_role_menu` VALUES ('fd6e5393aac44f179c79ee94c50fdf70', '1545701857');
INSERT INTO `t_role_menu` VALUES ('fd6e5393aac44f179c79ee94c50fdf70', '1545367804');
INSERT INTO `t_role_menu` VALUES ('fd6e5393aac44f179c79ee94c50fdf70', '1545634669');
INSERT INTO `t_role_menu` VALUES ('fd6e5393aac44f179c79ee94c50fdf70', '1545701985');
INSERT INTO `t_role_menu` VALUES ('fd6e5393aac44f179c79ee94c50fdf70', '1545701920');
INSERT INTO `t_role_menu` VALUES ('fd6e5393aac44f179c79ee94c50fdf70', '1553153001');
INSERT INTO `t_role_menu` VALUES ('fd6e5393aac44f179c79ee94c50fdf70', '1572357136');
INSERT INTO `t_role_menu` VALUES ('fd6e5393aac44f179c79ee94c50fdf70', '1572514642');
INSERT INTO `t_role_menu` VALUES ('fd6e5393aac44f179c79ee94c50fdf70', '1572514200');
INSERT INTO `t_role_menu` VALUES ('fd6e5393aac44f179c79ee94c50fdf70', '1572513993');
INSERT INTO `t_role_menu` VALUES ('fd6e5393aac44f179c79ee94c50fdf70', '1572513944');
INSERT INTO `t_role_menu` VALUES ('fd6e5393aac44f179c79ee94c50fdf70', '1572513888');
INSERT INTO `t_role_menu` VALUES ('fd6e5393aac44f179c79ee94c50fdf70', '1572513393');
INSERT INTO `t_role_menu` VALUES ('fd6e5393aac44f179c79ee94c50fdf70', '1572513199');
INSERT INTO `t_role_menu` VALUES ('fd6e5393aac44f179c79ee94c50fdf70', '1572514175');
INSERT INTO `t_role_menu` VALUES ('fd6e5393aac44f179c79ee94c50fdf70', '1574234372');
INSERT INTO `t_role_menu` VALUES ('fd6e5393aac44f179c79ee94c50fdf70', '1572320564');
INSERT INTO `t_role_menu` VALUES ('fd6e5393aac44f179c79ee94c50fdf70', '1573201534');
INSERT INTO `t_role_menu` VALUES ('fd6e5393aac44f179c79ee94c50fdf70', '1573610968');
INSERT INTO `t_role_menu` VALUES ('fd6e5393aac44f179c79ee94c50fdf70', '1573740803');
INSERT INTO `t_role_menu` VALUES ('fd6e5393aac44f179c79ee94c50fdf70', '1573802580');
INSERT INTO `t_role_menu` VALUES ('fd6e5393aac44f179c79ee94c50fdf70', '1573802624');
INSERT INTO `t_role_menu` VALUES ('fd6e5393aac44f179c79ee94c50fdf70', '1574065950');
INSERT INTO `t_role_menu` VALUES ('fd6e5393aac44f179c79ee94c50fdf70', '1574154744');
INSERT INTO `t_role_menu` VALUES ('fd6e5393aac44f179c79ee94c50fdf70', '1574154784');
INSERT INTO `t_role_menu` VALUES ('fd6e5393aac44f179c79ee94c50fdf70', '1574154825');
INSERT INTO `t_role_menu` VALUES ('fd6e5393aac44f179c79ee94c50fdf70', '1574154866');
INSERT INTO `t_role_menu` VALUES ('fd6e5393aac44f179c79ee94c50fdf70', '1574237798');
INSERT INTO `t_role_menu` VALUES ('fd6e5393aac44f179c79ee94c50fdf70', '1574237836');
INSERT INTO `t_role_menu` VALUES ('5da510c65ee54ba3a7d6ef0f1b6aab8e', '1');
INSERT INTO `t_role_menu` VALUES ('5da510c65ee54ba3a7d6ef0f1b6aab8e', '2');
INSERT INTO `t_role_menu` VALUES ('5da510c65ee54ba3a7d6ef0f1b6aab8e', '1545637078');
INSERT INTO `t_role_menu` VALUES ('5da510c65ee54ba3a7d6ef0f1b6aab8e', '1545638415');
INSERT INTO `t_role_menu` VALUES ('5da510c65ee54ba3a7d6ef0f1b6aab8e', '1545638700');
INSERT INTO `t_role_menu` VALUES ('5da510c65ee54ba3a7d6ef0f1b6aab8e', '1545634996');
INSERT INTO `t_role_menu` VALUES ('5da510c65ee54ba3a7d6ef0f1b6aab8e', '1545635268');
INSERT INTO `t_role_menu` VALUES ('5da510c65ee54ba3a7d6ef0f1b6aab8e', '1545638902');
INSERT INTO `t_role_menu` VALUES ('5da510c65ee54ba3a7d6ef0f1b6aab8e', '1545638021');
INSERT INTO `t_role_menu` VALUES ('5da510c65ee54ba3a7d6ef0f1b6aab8e', '1545635194');
INSERT INTO `t_role_menu` VALUES ('5da510c65ee54ba3a7d6ef0f1b6aab8e', '1545635235');
INSERT INTO `t_role_menu` VALUES ('5da510c65ee54ba3a7d6ef0f1b6aab8e', '1545635364');
INSERT INTO `t_role_menu` VALUES ('5da510c65ee54ba3a7d6ef0f1b6aab8e', '1546414742');
INSERT INTO `t_role_menu` VALUES ('5da510c65ee54ba3a7d6ef0f1b6aab8e', '1546416303');
INSERT INTO `t_role_menu` VALUES ('5da510c65ee54ba3a7d6ef0f1b6aab8e', '1571208339');
INSERT INTO `t_role_menu` VALUES ('5da510c65ee54ba3a7d6ef0f1b6aab8e', '1571208368');
INSERT INTO `t_role_menu` VALUES ('5da510c65ee54ba3a7d6ef0f1b6aab8e', '1571208387');
INSERT INTO `t_role_menu` VALUES ('5da510c65ee54ba3a7d6ef0f1b6aab8e', '1574824496');
INSERT INTO `t_role_menu` VALUES ('5da510c65ee54ba3a7d6ef0f1b6aab8e', '1571208452');
INSERT INTO `t_role_menu` VALUES ('5da510c65ee54ba3a7d6ef0f1b6aab8e', '1571208481');
INSERT INTO `t_role_menu` VALUES ('5da510c65ee54ba3a7d6ef0f1b6aab8e', '1571208503');
INSERT INTO `t_role_menu` VALUES ('5da510c65ee54ba3a7d6ef0f1b6aab8e', '1571208527');
INSERT INTO `t_role_menu` VALUES ('5da510c65ee54ba3a7d6ef0f1b6aab8e', '3');
INSERT INTO `t_role_menu` VALUES ('5da510c65ee54ba3a7d6ef0f1b6aab8e', '1545632828');
INSERT INTO `t_role_menu` VALUES ('5da510c65ee54ba3a7d6ef0f1b6aab8e', '1545632982');
INSERT INTO `t_role_menu` VALUES ('5da510c65ee54ba3a7d6ef0f1b6aab8e', '1545633020');
INSERT INTO `t_role_menu` VALUES ('5da510c65ee54ba3a7d6ef0f1b6aab8e', '1545634357');
INSERT INTO `t_role_menu` VALUES ('5da510c65ee54ba3a7d6ef0f1b6aab8e', '1545639211');
INSERT INTO `t_role_menu` VALUES ('5da510c65ee54ba3a7d6ef0f1b6aab8e', '1545639268');
INSERT INTO `t_role_menu` VALUES ('5da510c65ee54ba3a7d6ef0f1b6aab8e', '1545702459');
INSERT INTO `t_role_menu` VALUES ('5da510c65ee54ba3a7d6ef0f1b6aab8e', '1571208557');
INSERT INTO `t_role_menu` VALUES ('5da510c65ee54ba3a7d6ef0f1b6aab8e', '1571208581');
INSERT INTO `t_role_menu` VALUES ('5da510c65ee54ba3a7d6ef0f1b6aab8e', '1571208612');
INSERT INTO `t_role_menu` VALUES ('5da510c65ee54ba3a7d6ef0f1b6aab8e', '1571208629');
INSERT INTO `t_role_menu` VALUES ('5da510c65ee54ba3a7d6ef0f1b6aab8e', '4');
INSERT INTO `t_role_menu` VALUES ('5da510c65ee54ba3a7d6ef0f1b6aab8e', '1545637233');
INSERT INTO `t_role_menu` VALUES ('5da510c65ee54ba3a7d6ef0f1b6aab8e', '1545640459');
INSERT INTO `t_role_menu` VALUES ('5da510c65ee54ba3a7d6ef0f1b6aab8e', '1545640384');
INSERT INTO `t_role_menu` VALUES ('5da510c65ee54ba3a7d6ef0f1b6aab8e', '1545634321');
INSERT INTO `t_role_menu` VALUES ('5da510c65ee54ba3a7d6ef0f1b6aab8e', '1545640329');
INSERT INTO `t_role_menu` VALUES ('5da510c65ee54ba3a7d6ef0f1b6aab8e', '1545634395');
INSERT INTO `t_role_menu` VALUES ('5da510c65ee54ba3a7d6ef0f1b6aab8e', '1571208179');
INSERT INTO `t_role_menu` VALUES ('5da510c65ee54ba3a7d6ef0f1b6aab8e', '1571208234');
INSERT INTO `t_role_menu` VALUES ('5da510c65ee54ba3a7d6ef0f1b6aab8e', '1571208261');
INSERT INTO `t_role_menu` VALUES ('5da510c65ee54ba3a7d6ef0f1b6aab8e', '1571984091');
INSERT INTO `t_role_menu` VALUES ('5da510c65ee54ba3a7d6ef0f1b6aab8e', '1572702717');
INSERT INTO `t_role_menu` VALUES ('5da510c65ee54ba3a7d6ef0f1b6aab8e', '1572360847');
INSERT INTO `t_role_menu` VALUES ('5da510c65ee54ba3a7d6ef0f1b6aab8e', '1572361117');
INSERT INTO `t_role_menu` VALUES ('5da510c65ee54ba3a7d6ef0f1b6aab8e', '1572361175');
INSERT INTO `t_role_menu` VALUES ('5da510c65ee54ba3a7d6ef0f1b6aab8e', '1572361242');
INSERT INTO `t_role_menu` VALUES ('5da510c65ee54ba3a7d6ef0f1b6aab8e', '1572361628');
INSERT INTO `t_role_menu` VALUES ('5da510c65ee54ba3a7d6ef0f1b6aab8e', '1572518928');
INSERT INTO `t_role_menu` VALUES ('5da510c65ee54ba3a7d6ef0f1b6aab8e', '1572518906');
INSERT INTO `t_role_menu` VALUES ('5da510c65ee54ba3a7d6ef0f1b6aab8e', '1572518883');
INSERT INTO `t_role_menu` VALUES ('5da510c65ee54ba3a7d6ef0f1b6aab8e', '1572518859');
INSERT INTO `t_role_menu` VALUES ('5da510c65ee54ba3a7d6ef0f1b6aab8e', '1572518838');
INSERT INTO `t_role_menu` VALUES ('5da510c65ee54ba3a7d6ef0f1b6aab8e', '1572518816');
INSERT INTO `t_role_menu` VALUES ('5da510c65ee54ba3a7d6ef0f1b6aab8e', '1572614770');
INSERT INTO `t_role_menu` VALUES ('5da510c65ee54ba3a7d6ef0f1b6aab8e', '1572614809');
INSERT INTO `t_role_menu` VALUES ('5da510c65ee54ba3a7d6ef0f1b6aab8e', '1574234962');
INSERT INTO `t_role_menu` VALUES ('5da510c65ee54ba3a7d6ef0f1b6aab8e', '1574315067');
INSERT INTO `t_role_menu` VALUES ('5da510c65ee54ba3a7d6ef0f1b6aab8e', '1563346263');
INSERT INTO `t_role_menu` VALUES ('5da510c65ee54ba3a7d6ef0f1b6aab8e', '1563346414');
INSERT INTO `t_role_menu` VALUES ('5da510c65ee54ba3a7d6ef0f1b6aab8e', '1563349698');
INSERT INTO `t_role_menu` VALUES ('5da510c65ee54ba3a7d6ef0f1b6aab8e', '1563786247');
INSERT INTO `t_role_menu` VALUES ('5da510c65ee54ba3a7d6ef0f1b6aab8e', '1563863147');
INSERT INTO `t_role_menu` VALUES ('5da510c65ee54ba3a7d6ef0f1b6aab8e', '1563871600');
INSERT INTO `t_role_menu` VALUES ('5da510c65ee54ba3a7d6ef0f1b6aab8e', '1563938614');
INSERT INTO `t_role_menu` VALUES ('5da510c65ee54ba3a7d6ef0f1b6aab8e', '1568086654');
INSERT INTO `t_role_menu` VALUES ('5da510c65ee54ba3a7d6ef0f1b6aab8e', '1568086688');
INSERT INTO `t_role_menu` VALUES ('5da510c65ee54ba3a7d6ef0f1b6aab8e', '1568090968');
INSERT INTO `t_role_menu` VALUES ('5da510c65ee54ba3a7d6ef0f1b6aab8e', '1568091003');
INSERT INTO `t_role_menu` VALUES ('5da510c65ee54ba3a7d6ef0f1b6aab8e', '1572517985');
INSERT INTO `t_role_menu` VALUES ('5da510c65ee54ba3a7d6ef0f1b6aab8e', '1572517962');
INSERT INTO `t_role_menu` VALUES ('5da510c65ee54ba3a7d6ef0f1b6aab8e', '1572517933');
INSERT INTO `t_role_menu` VALUES ('5da510c65ee54ba3a7d6ef0f1b6aab8e', '1572517906');
INSERT INTO `t_role_menu` VALUES ('5da510c65ee54ba3a7d6ef0f1b6aab8e', '1572517882');
INSERT INTO `t_role_menu` VALUES ('5da510c65ee54ba3a7d6ef0f1b6aab8e', '1572517850');
INSERT INTO `t_role_menu` VALUES ('5da510c65ee54ba3a7d6ef0f1b6aab8e', '1574235653');
INSERT INTO `t_role_menu` VALUES ('5da510c65ee54ba3a7d6ef0f1b6aab8e', '1575013637');
INSERT INTO `t_role_menu` VALUES ('5da510c65ee54ba3a7d6ef0f1b6aab8e', '1575013671');
INSERT INTO `t_role_menu` VALUES ('5da510c65ee54ba3a7d6ef0f1b6aab8e', '1575013701');
INSERT INTO `t_role_menu` VALUES ('5da510c65ee54ba3a7d6ef0f1b6aab8e', '1575013723');
INSERT INTO `t_role_menu` VALUES ('5da510c65ee54ba3a7d6ef0f1b6aab8e', '1575013758');
INSERT INTO `t_role_menu` VALUES ('5da510c65ee54ba3a7d6ef0f1b6aab8e', '1575007922');
INSERT INTO `t_role_menu` VALUES ('5da510c65ee54ba3a7d6ef0f1b6aab8e', '1575009758');
INSERT INTO `t_role_menu` VALUES ('5da510c65ee54ba3a7d6ef0f1b6aab8e', '1575010747');
INSERT INTO `t_role_menu` VALUES ('5da510c65ee54ba3a7d6ef0f1b6aab8e', '1572845856');
INSERT INTO `t_role_menu` VALUES ('5da510c65ee54ba3a7d6ef0f1b6aab8e', '1572849140');
INSERT INTO `t_role_menu` VALUES ('5da510c65ee54ba3a7d6ef0f1b6aab8e', '1572853182');
INSERT INTO `t_role_menu` VALUES ('5da510c65ee54ba3a7d6ef0f1b6aab8e', '1572854669');
INSERT INTO `t_role_menu` VALUES ('5da510c65ee54ba3a7d6ef0f1b6aab8e', '5');
INSERT INTO `t_role_menu` VALUES ('5da510c65ee54ba3a7d6ef0f1b6aab8e', '7');
INSERT INTO `t_role_menu` VALUES ('5da510c65ee54ba3a7d6ef0f1b6aab8e', '1545701056');
INSERT INTO `t_role_menu` VALUES ('5da510c65ee54ba3a7d6ef0f1b6aab8e', '1572249769');
INSERT INTO `t_role_menu` VALUES ('5da510c65ee54ba3a7d6ef0f1b6aab8e', '1572337840');
INSERT INTO `t_role_menu` VALUES ('5da510c65ee54ba3a7d6ef0f1b6aab8e', '1572338365');
INSERT INTO `t_role_menu` VALUES ('5da510c65ee54ba3a7d6ef0f1b6aab8e', '1572576184');
INSERT INTO `t_role_menu` VALUES ('5da510c65ee54ba3a7d6ef0f1b6aab8e', '1545635629');
INSERT INTO `t_role_menu` VALUES ('5da510c65ee54ba3a7d6ef0f1b6aab8e', '1545635671');
INSERT INTO `t_role_menu` VALUES ('5da510c65ee54ba3a7d6ef0f1b6aab8e', '1545701267');
INSERT INTO `t_role_menu` VALUES ('5da510c65ee54ba3a7d6ef0f1b6aab8e', '1545701350');
INSERT INTO `t_role_menu` VALUES ('5da510c65ee54ba3a7d6ef0f1b6aab8e', '1545701482');
INSERT INTO `t_role_menu` VALUES ('5da510c65ee54ba3a7d6ef0f1b6aab8e', '1545701154');
INSERT INTO `t_role_menu` VALUES ('5da510c65ee54ba3a7d6ef0f1b6aab8e', '1553153144');
INSERT INTO `t_role_menu` VALUES ('5da510c65ee54ba3a7d6ef0f1b6aab8e', '1574326798');
INSERT INTO `t_role_menu` VALUES ('5da510c65ee54ba3a7d6ef0f1b6aab8e', '1574327323');
INSERT INTO `t_role_menu` VALUES ('5da510c65ee54ba3a7d6ef0f1b6aab8e', '1574327351');
INSERT INTO `t_role_menu` VALUES ('5da510c65ee54ba3a7d6ef0f1b6aab8e', '1574327388');
INSERT INTO `t_role_menu` VALUES ('5da510c65ee54ba3a7d6ef0f1b6aab8e', '1574385310');
INSERT INTO `t_role_menu` VALUES ('5da510c65ee54ba3a7d6ef0f1b6aab8e', '9');
INSERT INTO `t_role_menu` VALUES ('5da510c65ee54ba3a7d6ef0f1b6aab8e', '10');
INSERT INTO `t_role_menu` VALUES ('5da510c65ee54ba3a7d6ef0f1b6aab8e', '1573175690');
INSERT INTO `t_role_menu` VALUES ('5da510c65ee54ba3a7d6ef0f1b6aab8e', '1545701857');
INSERT INTO `t_role_menu` VALUES ('5da510c65ee54ba3a7d6ef0f1b6aab8e', '1545367804');
INSERT INTO `t_role_menu` VALUES ('5da510c65ee54ba3a7d6ef0f1b6aab8e', '1545634669');
INSERT INTO `t_role_menu` VALUES ('5da510c65ee54ba3a7d6ef0f1b6aab8e', '1545701985');
INSERT INTO `t_role_menu` VALUES ('5da510c65ee54ba3a7d6ef0f1b6aab8e', '1545701920');
INSERT INTO `t_role_menu` VALUES ('5da510c65ee54ba3a7d6ef0f1b6aab8e', '1553153001');
INSERT INTO `t_role_menu` VALUES ('5da510c65ee54ba3a7d6ef0f1b6aab8e', '1572357136');
INSERT INTO `t_role_menu` VALUES ('5da510c65ee54ba3a7d6ef0f1b6aab8e', '1572514642');
INSERT INTO `t_role_menu` VALUES ('5da510c65ee54ba3a7d6ef0f1b6aab8e', '1572514200');
INSERT INTO `t_role_menu` VALUES ('5da510c65ee54ba3a7d6ef0f1b6aab8e', '1572513993');
INSERT INTO `t_role_menu` VALUES ('5da510c65ee54ba3a7d6ef0f1b6aab8e', '1572513944');
INSERT INTO `t_role_menu` VALUES ('5da510c65ee54ba3a7d6ef0f1b6aab8e', '1572513888');
INSERT INTO `t_role_menu` VALUES ('5da510c65ee54ba3a7d6ef0f1b6aab8e', '1572513393');
INSERT INTO `t_role_menu` VALUES ('5da510c65ee54ba3a7d6ef0f1b6aab8e', '1572513199');
INSERT INTO `t_role_menu` VALUES ('5da510c65ee54ba3a7d6ef0f1b6aab8e', '1572514175');
INSERT INTO `t_role_menu` VALUES ('5da510c65ee54ba3a7d6ef0f1b6aab8e', '1574234372');
INSERT INTO `t_role_menu` VALUES ('5da510c65ee54ba3a7d6ef0f1b6aab8e', '1572320564');
INSERT INTO `t_role_menu` VALUES ('5da510c65ee54ba3a7d6ef0f1b6aab8e', '1573201534');
INSERT INTO `t_role_menu` VALUES ('5da510c65ee54ba3a7d6ef0f1b6aab8e', '1573610968');
INSERT INTO `t_role_menu` VALUES ('5da510c65ee54ba3a7d6ef0f1b6aab8e', '1573740803');
INSERT INTO `t_role_menu` VALUES ('5da510c65ee54ba3a7d6ef0f1b6aab8e', '1573802580');
INSERT INTO `t_role_menu` VALUES ('5da510c65ee54ba3a7d6ef0f1b6aab8e', '1573802624');
INSERT INTO `t_role_menu` VALUES ('5da510c65ee54ba3a7d6ef0f1b6aab8e', '1574065950');
INSERT INTO `t_role_menu` VALUES ('5da510c65ee54ba3a7d6ef0f1b6aab8e', '1574154744');
INSERT INTO `t_role_menu` VALUES ('5da510c65ee54ba3a7d6ef0f1b6aab8e', '1574154784');
INSERT INTO `t_role_menu` VALUES ('5da510c65ee54ba3a7d6ef0f1b6aab8e', '1574154825');
INSERT INTO `t_role_menu` VALUES ('5da510c65ee54ba3a7d6ef0f1b6aab8e', '1574154866');
INSERT INTO `t_role_menu` VALUES ('5da510c65ee54ba3a7d6ef0f1b6aab8e', '1574237798');
INSERT INTO `t_role_menu` VALUES ('5da510c65ee54ba3a7d6ef0f1b6aab8e', '1574237836');
INSERT INTO `t_role_menu` VALUES ('a95c4cecd1ef4ae0958fe09521e2f844', '1572702717');
INSERT INTO `t_role_menu` VALUES ('a95c4cecd1ef4ae0958fe09521e2f844', '1573175690');
INSERT INTO `t_role_menu` VALUES ('a95c4cecd1ef4ae0958fe09521e2f844', '1');
INSERT INTO `t_role_menu` VALUES ('a95c4cecd1ef4ae0958fe09521e2f844', '10');
INSERT INTO `t_role_menu` VALUES ('a95c4cecd1ef4ae0958fe09521e2f844', '1545701056');
INSERT INTO `t_role_menu` VALUES ('a95c4cecd1ef4ae0958fe09521e2f844', '1545701857');
INSERT INTO `t_role_menu` VALUES ('a95c4cecd1ef4ae0958fe09521e2f844', '1572249769');
INSERT INTO `t_role_menu` VALUES ('a95c4cecd1ef4ae0958fe09521e2f844', '1572320564');
INSERT INTO `t_role_menu` VALUES ('a95c4cecd1ef4ae0958fe09521e2f844', '1572337840');
INSERT INTO `t_role_menu` VALUES ('a95c4cecd1ef4ae0958fe09521e2f844', '1572338365');
INSERT INTO `t_role_menu` VALUES ('a95c4cecd1ef4ae0958fe09521e2f844', '1572360847');
INSERT INTO `t_role_menu` VALUES ('a95c4cecd1ef4ae0958fe09521e2f844', '1572576184');
INSERT INTO `t_role_menu` VALUES ('a95c4cecd1ef4ae0958fe09521e2f844', '1545367804');
INSERT INTO `t_role_menu` VALUES ('a95c4cecd1ef4ae0958fe09521e2f844', '1545635629');
INSERT INTO `t_role_menu` VALUES ('a95c4cecd1ef4ae0958fe09521e2f844', '1572361117');
INSERT INTO `t_role_menu` VALUES ('a95c4cecd1ef4ae0958fe09521e2f844', '5');
INSERT INTO `t_role_menu` VALUES ('a95c4cecd1ef4ae0958fe09521e2f844', '1545634669');
INSERT INTO `t_role_menu` VALUES ('a95c4cecd1ef4ae0958fe09521e2f844', '1545635671');
INSERT INTO `t_role_menu` VALUES ('a95c4cecd1ef4ae0958fe09521e2f844', '1572361175');
INSERT INTO `t_role_menu` VALUES ('a95c4cecd1ef4ae0958fe09521e2f844', '9');
INSERT INTO `t_role_menu` VALUES ('a95c4cecd1ef4ae0958fe09521e2f844', '1545701267');
INSERT INTO `t_role_menu` VALUES ('a95c4cecd1ef4ae0958fe09521e2f844', '1545701985');
INSERT INTO `t_role_menu` VALUES ('a95c4cecd1ef4ae0958fe09521e2f844', '1572361242');
INSERT INTO `t_role_menu` VALUES ('a95c4cecd1ef4ae0958fe09521e2f844', '1545701350');
INSERT INTO `t_role_menu` VALUES ('a95c4cecd1ef4ae0958fe09521e2f844', '1545701920');
INSERT INTO `t_role_menu` VALUES ('a95c4cecd1ef4ae0958fe09521e2f844', '1571984091');
INSERT INTO `t_role_menu` VALUES ('a95c4cecd1ef4ae0958fe09521e2f844', '1545701482');
INSERT INTO `t_role_menu` VALUES ('a95c4cecd1ef4ae0958fe09521e2f844', '1553153001');
INSERT INTO `t_role_menu` VALUES ('a95c4cecd1ef4ae0958fe09521e2f844', '1572361628');
INSERT INTO `t_role_menu` VALUES ('a95c4cecd1ef4ae0958fe09521e2f844', '7');
INSERT INTO `t_role_menu` VALUES ('a95c4cecd1ef4ae0958fe09521e2f844', '1545701154');
INSERT INTO `t_role_menu` VALUES ('a95c4cecd1ef4ae0958fe09521e2f844', '1572357136');
INSERT INTO `t_role_menu` VALUES ('a95c4cecd1ef4ae0958fe09521e2f844', '1572518928');
INSERT INTO `t_role_menu` VALUES ('a95c4cecd1ef4ae0958fe09521e2f844', '1553153144');
INSERT INTO `t_role_menu` VALUES ('a95c4cecd1ef4ae0958fe09521e2f844', '1572518906');
INSERT INTO `t_role_menu` VALUES ('a95c4cecd1ef4ae0958fe09521e2f844', '1572514642');
INSERT INTO `t_role_menu` VALUES ('a95c4cecd1ef4ae0958fe09521e2f844', '1572518883');
INSERT INTO `t_role_menu` VALUES ('a95c4cecd1ef4ae0958fe09521e2f844', '1572518859');
INSERT INTO `t_role_menu` VALUES ('a95c4cecd1ef4ae0958fe09521e2f844', '1572513993');
INSERT INTO `t_role_menu` VALUES ('a95c4cecd1ef4ae0958fe09521e2f844', '1572518838');
INSERT INTO `t_role_menu` VALUES ('a95c4cecd1ef4ae0958fe09521e2f844', '1572513944');
INSERT INTO `t_role_menu` VALUES ('a95c4cecd1ef4ae0958fe09521e2f844', '1572518816');
INSERT INTO `t_role_menu` VALUES ('a95c4cecd1ef4ae0958fe09521e2f844', '1572513888');
INSERT INTO `t_role_menu` VALUES ('a95c4cecd1ef4ae0958fe09521e2f844', '1572614770');
INSERT INTO `t_role_menu` VALUES ('a95c4cecd1ef4ae0958fe09521e2f844', '1572513393');
INSERT INTO `t_role_menu` VALUES ('a95c4cecd1ef4ae0958fe09521e2f844', '1572614809');
INSERT INTO `t_role_menu` VALUES ('a95c4cecd1ef4ae0958fe09521e2f844', '1572513199');
INSERT INTO `t_role_menu` VALUES ('a95c4cecd1ef4ae0958fe09521e2f844', '1574234962');
INSERT INTO `t_role_menu` VALUES ('a95c4cecd1ef4ae0958fe09521e2f844', '1574326798');
INSERT INTO `t_role_menu` VALUES ('a95c4cecd1ef4ae0958fe09521e2f844', '1572514175');
INSERT INTO `t_role_menu` VALUES ('a95c4cecd1ef4ae0958fe09521e2f844', '1574315067');
INSERT INTO `t_role_menu` VALUES ('a95c4cecd1ef4ae0958fe09521e2f844', '1574327323');
INSERT INTO `t_role_menu` VALUES ('a95c4cecd1ef4ae0958fe09521e2f844', '1574234372');
INSERT INTO `t_role_menu` VALUES ('a95c4cecd1ef4ae0958fe09521e2f844', '1574327351');
INSERT INTO `t_role_menu` VALUES ('a95c4cecd1ef4ae0958fe09521e2f844', '1574385310');
INSERT INTO `t_role_menu` VALUES ('a95c4cecd1ef4ae0958fe09521e2f844', '1574327388');
INSERT INTO `t_role_menu` VALUES ('5439c098a3de41efa0725e8c493ce996', '1572702717');
INSERT INTO `t_role_menu` VALUES ('5439c098a3de41efa0725e8c493ce996', '1573175690');
INSERT INTO `t_role_menu` VALUES ('5439c098a3de41efa0725e8c493ce996', '1');
INSERT INTO `t_role_menu` VALUES ('5439c098a3de41efa0725e8c493ce996', '10');
INSERT INTO `t_role_menu` VALUES ('5439c098a3de41efa0725e8c493ce996', '1545637078');
INSERT INTO `t_role_menu` VALUES ('5439c098a3de41efa0725e8c493ce996', '1545701056');
INSERT INTO `t_role_menu` VALUES ('5439c098a3de41efa0725e8c493ce996', '1545701857');
INSERT INTO `t_role_menu` VALUES ('5439c098a3de41efa0725e8c493ce996', '1563346414');
INSERT INTO `t_role_menu` VALUES ('5439c098a3de41efa0725e8c493ce996', '1563349698');
INSERT INTO `t_role_menu` VALUES ('5439c098a3de41efa0725e8c493ce996', '1572249769');
INSERT INTO `t_role_menu` VALUES ('5439c098a3de41efa0725e8c493ce996', '1572320564');
INSERT INTO `t_role_menu` VALUES ('5439c098a3de41efa0725e8c493ce996', '1572337840');
INSERT INTO `t_role_menu` VALUES ('5439c098a3de41efa0725e8c493ce996', '1572338365');
INSERT INTO `t_role_menu` VALUES ('5439c098a3de41efa0725e8c493ce996', '1572360847');
INSERT INTO `t_role_menu` VALUES ('5439c098a3de41efa0725e8c493ce996', '1572576184');
INSERT INTO `t_role_menu` VALUES ('5439c098a3de41efa0725e8c493ce996', '1572845856');
INSERT INTO `t_role_menu` VALUES ('5439c098a3de41efa0725e8c493ce996', '1572849140');
INSERT INTO `t_role_menu` VALUES ('5439c098a3de41efa0725e8c493ce996', '1572853182');
INSERT INTO `t_role_menu` VALUES ('5439c098a3de41efa0725e8c493ce996', '1572854669');
INSERT INTO `t_role_menu` VALUES ('5439c098a3de41efa0725e8c493ce996', '1573610968');
INSERT INTO `t_role_menu` VALUES ('5439c098a3de41efa0725e8c493ce996', '2');
INSERT INTO `t_role_menu` VALUES ('5439c098a3de41efa0725e8c493ce996', '1545367804');
INSERT INTO `t_role_menu` VALUES ('5439c098a3de41efa0725e8c493ce996', '1545635629');
INSERT INTO `t_role_menu` VALUES ('5439c098a3de41efa0725e8c493ce996', '1545638415');
INSERT INTO `t_role_menu` VALUES ('5439c098a3de41efa0725e8c493ce996', '1563346263');
INSERT INTO `t_role_menu` VALUES ('5439c098a3de41efa0725e8c493ce996', '1563786247');
INSERT INTO `t_role_menu` VALUES ('5439c098a3de41efa0725e8c493ce996', '1572361117');
INSERT INTO `t_role_menu` VALUES ('5439c098a3de41efa0725e8c493ce996', '1573740803');
INSERT INTO `t_role_menu` VALUES ('5439c098a3de41efa0725e8c493ce996', '5');
INSERT INTO `t_role_menu` VALUES ('5439c098a3de41efa0725e8c493ce996', '1545634669');
INSERT INTO `t_role_menu` VALUES ('5439c098a3de41efa0725e8c493ce996', '1545635671');
INSERT INTO `t_role_menu` VALUES ('5439c098a3de41efa0725e8c493ce996', '1545638700');
INSERT INTO `t_role_menu` VALUES ('5439c098a3de41efa0725e8c493ce996', '1563863147');
INSERT INTO `t_role_menu` VALUES ('5439c098a3de41efa0725e8c493ce996', '1572361175');
INSERT INTO `t_role_menu` VALUES ('5439c098a3de41efa0725e8c493ce996', '1573201534');
INSERT INTO `t_role_menu` VALUES ('5439c098a3de41efa0725e8c493ce996', '1573802580');
INSERT INTO `t_role_menu` VALUES ('5439c098a3de41efa0725e8c493ce996', '9');
INSERT INTO `t_role_menu` VALUES ('5439c098a3de41efa0725e8c493ce996', '1545634996');
INSERT INTO `t_role_menu` VALUES ('5439c098a3de41efa0725e8c493ce996', '1545701267');
INSERT INTO `t_role_menu` VALUES ('5439c098a3de41efa0725e8c493ce996', '1545701985');
INSERT INTO `t_role_menu` VALUES ('5439c098a3de41efa0725e8c493ce996', '1563871600');
INSERT INTO `t_role_menu` VALUES ('5439c098a3de41efa0725e8c493ce996', '1572361242');
INSERT INTO `t_role_menu` VALUES ('5439c098a3de41efa0725e8c493ce996', '1573802624');
INSERT INTO `t_role_menu` VALUES ('5439c098a3de41efa0725e8c493ce996', '1545635268');
INSERT INTO `t_role_menu` VALUES ('5439c098a3de41efa0725e8c493ce996', '1545701350');
INSERT INTO `t_role_menu` VALUES ('5439c098a3de41efa0725e8c493ce996', '1545701920');
INSERT INTO `t_role_menu` VALUES ('5439c098a3de41efa0725e8c493ce996', '1563938614');
INSERT INTO `t_role_menu` VALUES ('5439c098a3de41efa0725e8c493ce996', '1571984091');
INSERT INTO `t_role_menu` VALUES ('5439c098a3de41efa0725e8c493ce996', '1574065950');
INSERT INTO `t_role_menu` VALUES ('5439c098a3de41efa0725e8c493ce996', '1545638902');
INSERT INTO `t_role_menu` VALUES ('5439c098a3de41efa0725e8c493ce996', '1545701482');
INSERT INTO `t_role_menu` VALUES ('5439c098a3de41efa0725e8c493ce996', '1553153001');
INSERT INTO `t_role_menu` VALUES ('5439c098a3de41efa0725e8c493ce996', '1572361628');
INSERT INTO `t_role_menu` VALUES ('5439c098a3de41efa0725e8c493ce996', '1574154744');
INSERT INTO `t_role_menu` VALUES ('5439c098a3de41efa0725e8c493ce996', '7');
INSERT INTO `t_role_menu` VALUES ('5439c098a3de41efa0725e8c493ce996', '1545638021');
INSERT INTO `t_role_menu` VALUES ('5439c098a3de41efa0725e8c493ce996', '1545701154');
INSERT INTO `t_role_menu` VALUES ('5439c098a3de41efa0725e8c493ce996', '1572357136');
INSERT INTO `t_role_menu` VALUES ('5439c098a3de41efa0725e8c493ce996', '1572518928');
INSERT INTO `t_role_menu` VALUES ('5439c098a3de41efa0725e8c493ce996', '1574154784');
INSERT INTO `t_role_menu` VALUES ('5439c098a3de41efa0725e8c493ce996', '1545635194');
INSERT INTO `t_role_menu` VALUES ('5439c098a3de41efa0725e8c493ce996', '1553153144');
INSERT INTO `t_role_menu` VALUES ('5439c098a3de41efa0725e8c493ce996', '1568086654');
INSERT INTO `t_role_menu` VALUES ('5439c098a3de41efa0725e8c493ce996', '1572518906');
INSERT INTO `t_role_menu` VALUES ('5439c098a3de41efa0725e8c493ce996', '1574154825');
INSERT INTO `t_role_menu` VALUES ('5439c098a3de41efa0725e8c493ce996', '1545635235');
INSERT INTO `t_role_menu` VALUES ('5439c098a3de41efa0725e8c493ce996', '1568086688');
INSERT INTO `t_role_menu` VALUES ('5439c098a3de41efa0725e8c493ce996', '1572514642');
INSERT INTO `t_role_menu` VALUES ('5439c098a3de41efa0725e8c493ce996', '1572518883');
INSERT INTO `t_role_menu` VALUES ('5439c098a3de41efa0725e8c493ce996', '1574154866');
INSERT INTO `t_role_menu` VALUES ('5439c098a3de41efa0725e8c493ce996', '1545635364');
INSERT INTO `t_role_menu` VALUES ('5439c098a3de41efa0725e8c493ce996', '1568090968');
INSERT INTO `t_role_menu` VALUES ('5439c098a3de41efa0725e8c493ce996', '1572514200');
INSERT INTO `t_role_menu` VALUES ('5439c098a3de41efa0725e8c493ce996', '1572518859');
INSERT INTO `t_role_menu` VALUES ('5439c098a3de41efa0725e8c493ce996', '1574237798');
INSERT INTO `t_role_menu` VALUES ('5439c098a3de41efa0725e8c493ce996', '1546414742');
INSERT INTO `t_role_menu` VALUES ('5439c098a3de41efa0725e8c493ce996', '1568091003');
INSERT INTO `t_role_menu` VALUES ('5439c098a3de41efa0725e8c493ce996', '1572513993');
INSERT INTO `t_role_menu` VALUES ('5439c098a3de41efa0725e8c493ce996', '1572518838');
INSERT INTO `t_role_menu` VALUES ('5439c098a3de41efa0725e8c493ce996', '1574237836');
INSERT INTO `t_role_menu` VALUES ('5439c098a3de41efa0725e8c493ce996', '1546416303');
INSERT INTO `t_role_menu` VALUES ('5439c098a3de41efa0725e8c493ce996', '1571208339');
INSERT INTO `t_role_menu` VALUES ('5439c098a3de41efa0725e8c493ce996', '1572513944');
INSERT INTO `t_role_menu` VALUES ('5439c098a3de41efa0725e8c493ce996', '1572517985');
INSERT INTO `t_role_menu` VALUES ('5439c098a3de41efa0725e8c493ce996', '1572518816');
INSERT INTO `t_role_menu` VALUES ('5439c098a3de41efa0725e8c493ce996', '1571208368');
INSERT INTO `t_role_menu` VALUES ('5439c098a3de41efa0725e8c493ce996', '1572513888');
INSERT INTO `t_role_menu` VALUES ('5439c098a3de41efa0725e8c493ce996', '1572517962');
INSERT INTO `t_role_menu` VALUES ('5439c098a3de41efa0725e8c493ce996', '1572614770');
INSERT INTO `t_role_menu` VALUES ('5439c098a3de41efa0725e8c493ce996', '1571208387');
INSERT INTO `t_role_menu` VALUES ('5439c098a3de41efa0725e8c493ce996', '1572513393');
INSERT INTO `t_role_menu` VALUES ('5439c098a3de41efa0725e8c493ce996', '1572517933');
INSERT INTO `t_role_menu` VALUES ('5439c098a3de41efa0725e8c493ce996', '1572614809');
INSERT INTO `t_role_menu` VALUES ('5439c098a3de41efa0725e8c493ce996', '1574824496');
INSERT INTO `t_role_menu` VALUES ('5439c098a3de41efa0725e8c493ce996', '1571208452');
INSERT INTO `t_role_menu` VALUES ('5439c098a3de41efa0725e8c493ce996', '1572513199');
INSERT INTO `t_role_menu` VALUES ('5439c098a3de41efa0725e8c493ce996', '1572517906');
INSERT INTO `t_role_menu` VALUES ('5439c098a3de41efa0725e8c493ce996', '1574234962');
INSERT INTO `t_role_menu` VALUES ('5439c098a3de41efa0725e8c493ce996', '1574326798');
INSERT INTO `t_role_menu` VALUES ('5439c098a3de41efa0725e8c493ce996', '1571208481');
INSERT INTO `t_role_menu` VALUES ('5439c098a3de41efa0725e8c493ce996', '1572514175');
INSERT INTO `t_role_menu` VALUES ('5439c098a3de41efa0725e8c493ce996', '1572517882');
INSERT INTO `t_role_menu` VALUES ('5439c098a3de41efa0725e8c493ce996', '1574315067');
INSERT INTO `t_role_menu` VALUES ('5439c098a3de41efa0725e8c493ce996', '1574327323');
INSERT INTO `t_role_menu` VALUES ('5439c098a3de41efa0725e8c493ce996', '1571208503');
INSERT INTO `t_role_menu` VALUES ('5439c098a3de41efa0725e8c493ce996', '1572517850');
INSERT INTO `t_role_menu` VALUES ('5439c098a3de41efa0725e8c493ce996', '1574234372');
INSERT INTO `t_role_menu` VALUES ('5439c098a3de41efa0725e8c493ce996', '1574327351');
INSERT INTO `t_role_menu` VALUES ('5439c098a3de41efa0725e8c493ce996', '1571208527');
INSERT INTO `t_role_menu` VALUES ('5439c098a3de41efa0725e8c493ce996', '1574235653');
INSERT INTO `t_role_menu` VALUES ('5439c098a3de41efa0725e8c493ce996', '1574327388');
INSERT INTO `t_role_menu` VALUES ('5439c098a3de41efa0725e8c493ce996', '1574385310');
INSERT INTO `t_role_menu` VALUES ('5439c098a3de41efa0725e8c493ce996', '1575013637');
INSERT INTO `t_role_menu` VALUES ('5439c098a3de41efa0725e8c493ce996', '1575013671');
INSERT INTO `t_role_menu` VALUES ('5439c098a3de41efa0725e8c493ce996', '1575013701');
INSERT INTO `t_role_menu` VALUES ('5439c098a3de41efa0725e8c493ce996', '1575013723');
INSERT INTO `t_role_menu` VALUES ('5439c098a3de41efa0725e8c493ce996', '1575013758');
INSERT INTO `t_role_menu` VALUES ('5439c098a3de41efa0725e8c493ce996', '1575007922');
INSERT INTO `t_role_menu` VALUES ('5439c098a3de41efa0725e8c493ce996', '1575009758');
INSERT INTO `t_role_menu` VALUES ('5439c098a3de41efa0725e8c493ce996', '1575010747');
INSERT INTO `t_role_menu` VALUES ('5439c098a3de41efa0725e8c493ce996', '1577889086');
INSERT INTO `t_role_menu` VALUES ('c0c1b1212fda43e1b2e0c2b4b4153f77', '1');
INSERT INTO `t_role_menu` VALUES ('c0c1b1212fda43e1b2e0c2b4b4153f77', '2');
INSERT INTO `t_role_menu` VALUES ('c0c1b1212fda43e1b2e0c2b4b4153f77', '1545637078');
INSERT INTO `t_role_menu` VALUES ('c0c1b1212fda43e1b2e0c2b4b4153f77', '1585536745');
INSERT INTO `t_role_menu` VALUES ('c0c1b1212fda43e1b2e0c2b4b4153f77', '1545638415');
INSERT INTO `t_role_menu` VALUES ('c0c1b1212fda43e1b2e0c2b4b4153f77', '1545638700');
INSERT INTO `t_role_menu` VALUES ('c0c1b1212fda43e1b2e0c2b4b4153f77', '1545634996');
INSERT INTO `t_role_menu` VALUES ('c0c1b1212fda43e1b2e0c2b4b4153f77', '1545635268');
INSERT INTO `t_role_menu` VALUES ('c0c1b1212fda43e1b2e0c2b4b4153f77', '1545638902');
INSERT INTO `t_role_menu` VALUES ('c0c1b1212fda43e1b2e0c2b4b4153f77', '1545638021');
INSERT INTO `t_role_menu` VALUES ('c0c1b1212fda43e1b2e0c2b4b4153f77', '1545635194');
INSERT INTO `t_role_menu` VALUES ('c0c1b1212fda43e1b2e0c2b4b4153f77', '1545635235');
INSERT INTO `t_role_menu` VALUES ('c0c1b1212fda43e1b2e0c2b4b4153f77', '1545635364');
INSERT INTO `t_role_menu` VALUES ('c0c1b1212fda43e1b2e0c2b4b4153f77', '1546414742');
INSERT INTO `t_role_menu` VALUES ('c0c1b1212fda43e1b2e0c2b4b4153f77', '1546416303');
INSERT INTO `t_role_menu` VALUES ('c0c1b1212fda43e1b2e0c2b4b4153f77', '1571208339');
INSERT INTO `t_role_menu` VALUES ('c0c1b1212fda43e1b2e0c2b4b4153f77', '1571208368');
INSERT INTO `t_role_menu` VALUES ('c0c1b1212fda43e1b2e0c2b4b4153f77', '1571208387');
INSERT INTO `t_role_menu` VALUES ('c0c1b1212fda43e1b2e0c2b4b4153f77', '1574824496');
INSERT INTO `t_role_menu` VALUES ('c0c1b1212fda43e1b2e0c2b4b4153f77', '1571208452');
INSERT INTO `t_role_menu` VALUES ('c0c1b1212fda43e1b2e0c2b4b4153f77', '1571208481');
INSERT INTO `t_role_menu` VALUES ('c0c1b1212fda43e1b2e0c2b4b4153f77', '1571208503');
INSERT INTO `t_role_menu` VALUES ('c0c1b1212fda43e1b2e0c2b4b4153f77', '1571208527');
INSERT INTO `t_role_menu` VALUES ('c0c1b1212fda43e1b2e0c2b4b4153f77', '3');
INSERT INTO `t_role_menu` VALUES ('c0c1b1212fda43e1b2e0c2b4b4153f77', '1545632828');
INSERT INTO `t_role_menu` VALUES ('c0c1b1212fda43e1b2e0c2b4b4153f77', '1545632982');
INSERT INTO `t_role_menu` VALUES ('c0c1b1212fda43e1b2e0c2b4b4153f77', '1545633020');
INSERT INTO `t_role_menu` VALUES ('c0c1b1212fda43e1b2e0c2b4b4153f77', '1545634357');
INSERT INTO `t_role_menu` VALUES ('c0c1b1212fda43e1b2e0c2b4b4153f77', '1545639211');
INSERT INTO `t_role_menu` VALUES ('c0c1b1212fda43e1b2e0c2b4b4153f77', '1545639268');
INSERT INTO `t_role_menu` VALUES ('c0c1b1212fda43e1b2e0c2b4b4153f77', '1545702459');
INSERT INTO `t_role_menu` VALUES ('c0c1b1212fda43e1b2e0c2b4b4153f77', '1571208557');
INSERT INTO `t_role_menu` VALUES ('c0c1b1212fda43e1b2e0c2b4b4153f77', '1571208581');
INSERT INTO `t_role_menu` VALUES ('c0c1b1212fda43e1b2e0c2b4b4153f77', '1571208612');
INSERT INTO `t_role_menu` VALUES ('c0c1b1212fda43e1b2e0c2b4b4153f77', '1571208629');
INSERT INTO `t_role_menu` VALUES ('c0c1b1212fda43e1b2e0c2b4b4153f77', '4');
INSERT INTO `t_role_menu` VALUES ('c0c1b1212fda43e1b2e0c2b4b4153f77', '1545637233');
INSERT INTO `t_role_menu` VALUES ('c0c1b1212fda43e1b2e0c2b4b4153f77', '1545640459');
INSERT INTO `t_role_menu` VALUES ('c0c1b1212fda43e1b2e0c2b4b4153f77', '1545640384');
INSERT INTO `t_role_menu` VALUES ('c0c1b1212fda43e1b2e0c2b4b4153f77', '1545634321');
INSERT INTO `t_role_menu` VALUES ('c0c1b1212fda43e1b2e0c2b4b4153f77', '1545640329');
INSERT INTO `t_role_menu` VALUES ('c0c1b1212fda43e1b2e0c2b4b4153f77', '1545634395');
INSERT INTO `t_role_menu` VALUES ('c0c1b1212fda43e1b2e0c2b4b4153f77', '1571208179');
INSERT INTO `t_role_menu` VALUES ('c0c1b1212fda43e1b2e0c2b4b4153f77', '1571208234');
INSERT INTO `t_role_menu` VALUES ('c0c1b1212fda43e1b2e0c2b4b4153f77', '1571208261');
INSERT INTO `t_role_menu` VALUES ('c0c1b1212fda43e1b2e0c2b4b4153f77', '1571984091');
INSERT INTO `t_role_menu` VALUES ('c0c1b1212fda43e1b2e0c2b4b4153f77', '1572702717');
INSERT INTO `t_role_menu` VALUES ('c0c1b1212fda43e1b2e0c2b4b4153f77', '1572360847');
INSERT INTO `t_role_menu` VALUES ('c0c1b1212fda43e1b2e0c2b4b4153f77', '1572361117');
INSERT INTO `t_role_menu` VALUES ('c0c1b1212fda43e1b2e0c2b4b4153f77', '1572361175');
INSERT INTO `t_role_menu` VALUES ('c0c1b1212fda43e1b2e0c2b4b4153f77', '1572361242');
INSERT INTO `t_role_menu` VALUES ('c0c1b1212fda43e1b2e0c2b4b4153f77', '1572361628');
INSERT INTO `t_role_menu` VALUES ('c0c1b1212fda43e1b2e0c2b4b4153f77', '1572518928');
INSERT INTO `t_role_menu` VALUES ('c0c1b1212fda43e1b2e0c2b4b4153f77', '1572518906');
INSERT INTO `t_role_menu` VALUES ('c0c1b1212fda43e1b2e0c2b4b4153f77', '1572518883');
INSERT INTO `t_role_menu` VALUES ('c0c1b1212fda43e1b2e0c2b4b4153f77', '1572518859');
INSERT INTO `t_role_menu` VALUES ('c0c1b1212fda43e1b2e0c2b4b4153f77', '1572518838');
INSERT INTO `t_role_menu` VALUES ('c0c1b1212fda43e1b2e0c2b4b4153f77', '1572518816');
INSERT INTO `t_role_menu` VALUES ('c0c1b1212fda43e1b2e0c2b4b4153f77', '1572614770');
INSERT INTO `t_role_menu` VALUES ('c0c1b1212fda43e1b2e0c2b4b4153f77', '1572614809');
INSERT INTO `t_role_menu` VALUES ('c0c1b1212fda43e1b2e0c2b4b4153f77', '1574234962');
INSERT INTO `t_role_menu` VALUES ('c0c1b1212fda43e1b2e0c2b4b4153f77', '1574315067');
INSERT INTO `t_role_menu` VALUES ('c0c1b1212fda43e1b2e0c2b4b4153f77', '1563346263');
INSERT INTO `t_role_menu` VALUES ('c0c1b1212fda43e1b2e0c2b4b4153f77', '1563346414');
INSERT INTO `t_role_menu` VALUES ('c0c1b1212fda43e1b2e0c2b4b4153f77', '1563349698');
INSERT INTO `t_role_menu` VALUES ('c0c1b1212fda43e1b2e0c2b4b4153f77', '1563786247');
INSERT INTO `t_role_menu` VALUES ('c0c1b1212fda43e1b2e0c2b4b4153f77', '1563863147');
INSERT INTO `t_role_menu` VALUES ('c0c1b1212fda43e1b2e0c2b4b4153f77', '1563871600');
INSERT INTO `t_role_menu` VALUES ('c0c1b1212fda43e1b2e0c2b4b4153f77', '1563938614');
INSERT INTO `t_role_menu` VALUES ('c0c1b1212fda43e1b2e0c2b4b4153f77', '1568086654');
INSERT INTO `t_role_menu` VALUES ('c0c1b1212fda43e1b2e0c2b4b4153f77', '1568086688');
INSERT INTO `t_role_menu` VALUES ('c0c1b1212fda43e1b2e0c2b4b4153f77', '1568090968');
INSERT INTO `t_role_menu` VALUES ('c0c1b1212fda43e1b2e0c2b4b4153f77', '1568091003');
INSERT INTO `t_role_menu` VALUES ('c0c1b1212fda43e1b2e0c2b4b4153f77', '1572517985');
INSERT INTO `t_role_menu` VALUES ('c0c1b1212fda43e1b2e0c2b4b4153f77', '1572517962');
INSERT INTO `t_role_menu` VALUES ('c0c1b1212fda43e1b2e0c2b4b4153f77', '1572517933');
INSERT INTO `t_role_menu` VALUES ('c0c1b1212fda43e1b2e0c2b4b4153f77', '1572517906');
INSERT INTO `t_role_menu` VALUES ('c0c1b1212fda43e1b2e0c2b4b4153f77', '1572517882');
INSERT INTO `t_role_menu` VALUES ('c0c1b1212fda43e1b2e0c2b4b4153f77', '1572517850');
INSERT INTO `t_role_menu` VALUES ('c0c1b1212fda43e1b2e0c2b4b4153f77', '1574235653');
INSERT INTO `t_role_menu` VALUES ('c0c1b1212fda43e1b2e0c2b4b4153f77', '1575013637');
INSERT INTO `t_role_menu` VALUES ('c0c1b1212fda43e1b2e0c2b4b4153f77', '1575013671');
INSERT INTO `t_role_menu` VALUES ('c0c1b1212fda43e1b2e0c2b4b4153f77', '1575013701');
INSERT INTO `t_role_menu` VALUES ('c0c1b1212fda43e1b2e0c2b4b4153f77', '1575013723');
INSERT INTO `t_role_menu` VALUES ('c0c1b1212fda43e1b2e0c2b4b4153f77', '1575013758');
INSERT INTO `t_role_menu` VALUES ('c0c1b1212fda43e1b2e0c2b4b4153f77', '1575007922');
INSERT INTO `t_role_menu` VALUES ('c0c1b1212fda43e1b2e0c2b4b4153f77', '1575009758');
INSERT INTO `t_role_menu` VALUES ('c0c1b1212fda43e1b2e0c2b4b4153f77', '1575010747');
INSERT INTO `t_role_menu` VALUES ('c0c1b1212fda43e1b2e0c2b4b4153f77', '1572845856');
INSERT INTO `t_role_menu` VALUES ('c0c1b1212fda43e1b2e0c2b4b4153f77', '1572849140');
INSERT INTO `t_role_menu` VALUES ('c0c1b1212fda43e1b2e0c2b4b4153f77', '1572853182');
INSERT INTO `t_role_menu` VALUES ('c0c1b1212fda43e1b2e0c2b4b4153f77', '1572854669');
INSERT INTO `t_role_menu` VALUES ('c0c1b1212fda43e1b2e0c2b4b4153f77', '1577889086');
INSERT INTO `t_role_menu` VALUES ('c0c1b1212fda43e1b2e0c2b4b4153f77', '5');
INSERT INTO `t_role_menu` VALUES ('c0c1b1212fda43e1b2e0c2b4b4153f77', '1588154815');
INSERT INTO `t_role_menu` VALUES ('c0c1b1212fda43e1b2e0c2b4b4153f77', '7');
INSERT INTO `t_role_menu` VALUES ('c0c1b1212fda43e1b2e0c2b4b4153f77', '1545701056');
INSERT INTO `t_role_menu` VALUES ('c0c1b1212fda43e1b2e0c2b4b4153f77', '1572249769');
INSERT INTO `t_role_menu` VALUES ('c0c1b1212fda43e1b2e0c2b4b4153f77', '1572337840');
INSERT INTO `t_role_menu` VALUES ('c0c1b1212fda43e1b2e0c2b4b4153f77', '1572338365');
INSERT INTO `t_role_menu` VALUES ('c0c1b1212fda43e1b2e0c2b4b4153f77', '1572576184');
INSERT INTO `t_role_menu` VALUES ('c0c1b1212fda43e1b2e0c2b4b4153f77', '1545635629');
INSERT INTO `t_role_menu` VALUES ('c0c1b1212fda43e1b2e0c2b4b4153f77', '1545635671');
INSERT INTO `t_role_menu` VALUES ('c0c1b1212fda43e1b2e0c2b4b4153f77', '1545701267');
INSERT INTO `t_role_menu` VALUES ('c0c1b1212fda43e1b2e0c2b4b4153f77', '1545701350');
INSERT INTO `t_role_menu` VALUES ('c0c1b1212fda43e1b2e0c2b4b4153f77', '1545701482');
INSERT INTO `t_role_menu` VALUES ('c0c1b1212fda43e1b2e0c2b4b4153f77', '1545701154');
INSERT INTO `t_role_menu` VALUES ('c0c1b1212fda43e1b2e0c2b4b4153f77', '1553153144');
INSERT INTO `t_role_menu` VALUES ('c0c1b1212fda43e1b2e0c2b4b4153f77', '1574326798');
INSERT INTO `t_role_menu` VALUES ('c0c1b1212fda43e1b2e0c2b4b4153f77', '1574327323');
INSERT INTO `t_role_menu` VALUES ('c0c1b1212fda43e1b2e0c2b4b4153f77', '1574327351');
INSERT INTO `t_role_menu` VALUES ('c0c1b1212fda43e1b2e0c2b4b4153f77', '1574327388');
INSERT INTO `t_role_menu` VALUES ('c0c1b1212fda43e1b2e0c2b4b4153f77', '1574385310');
INSERT INTO `t_role_menu` VALUES ('c0c1b1212fda43e1b2e0c2b4b4153f77', '9');
INSERT INTO `t_role_menu` VALUES ('c0c1b1212fda43e1b2e0c2b4b4153f77', '10');
INSERT INTO `t_role_menu` VALUES ('c0c1b1212fda43e1b2e0c2b4b4153f77', '1573175690');
INSERT INTO `t_role_menu` VALUES ('c0c1b1212fda43e1b2e0c2b4b4153f77', '1545701857');
INSERT INTO `t_role_menu` VALUES ('c0c1b1212fda43e1b2e0c2b4b4153f77', '1545367804');
INSERT INTO `t_role_menu` VALUES ('c0c1b1212fda43e1b2e0c2b4b4153f77', '1545634669');
INSERT INTO `t_role_menu` VALUES ('c0c1b1212fda43e1b2e0c2b4b4153f77', '1545701985');
INSERT INTO `t_role_menu` VALUES ('c0c1b1212fda43e1b2e0c2b4b4153f77', '1545701920');
INSERT INTO `t_role_menu` VALUES ('c0c1b1212fda43e1b2e0c2b4b4153f77', '1553153001');
INSERT INTO `t_role_menu` VALUES ('c0c1b1212fda43e1b2e0c2b4b4153f77', '1572357136');
INSERT INTO `t_role_menu` VALUES ('c0c1b1212fda43e1b2e0c2b4b4153f77', '1572514642');
INSERT INTO `t_role_menu` VALUES ('c0c1b1212fda43e1b2e0c2b4b4153f77', '1572514200');
INSERT INTO `t_role_menu` VALUES ('c0c1b1212fda43e1b2e0c2b4b4153f77', '1572513993');
INSERT INTO `t_role_menu` VALUES ('c0c1b1212fda43e1b2e0c2b4b4153f77', '1572513944');
INSERT INTO `t_role_menu` VALUES ('c0c1b1212fda43e1b2e0c2b4b4153f77', '1572513888');
INSERT INTO `t_role_menu` VALUES ('c0c1b1212fda43e1b2e0c2b4b4153f77', '1572513393');
INSERT INTO `t_role_menu` VALUES ('c0c1b1212fda43e1b2e0c2b4b4153f77', '1572513199');
INSERT INTO `t_role_menu` VALUES ('c0c1b1212fda43e1b2e0c2b4b4153f77', '1572514175');
INSERT INTO `t_role_menu` VALUES ('c0c1b1212fda43e1b2e0c2b4b4153f77', '1574234372');
INSERT INTO `t_role_menu` VALUES ('c0c1b1212fda43e1b2e0c2b4b4153f77', '1572320564');
INSERT INTO `t_role_menu` VALUES ('c0c1b1212fda43e1b2e0c2b4b4153f77', '1573201534');
INSERT INTO `t_role_menu` VALUES ('c0c1b1212fda43e1b2e0c2b4b4153f77', '1573610968');
INSERT INTO `t_role_menu` VALUES ('c0c1b1212fda43e1b2e0c2b4b4153f77', '1573740803');
INSERT INTO `t_role_menu` VALUES ('c0c1b1212fda43e1b2e0c2b4b4153f77', '1573802580');
INSERT INTO `t_role_menu` VALUES ('c0c1b1212fda43e1b2e0c2b4b4153f77', '1573802624');
INSERT INTO `t_role_menu` VALUES ('c0c1b1212fda43e1b2e0c2b4b4153f77', '1574065950');
INSERT INTO `t_role_menu` VALUES ('c0c1b1212fda43e1b2e0c2b4b4153f77', '1574154744');
INSERT INTO `t_role_menu` VALUES ('c0c1b1212fda43e1b2e0c2b4b4153f77', '1574154784');
INSERT INTO `t_role_menu` VALUES ('c0c1b1212fda43e1b2e0c2b4b4153f77', '1574154825');
INSERT INTO `t_role_menu` VALUES ('c0c1b1212fda43e1b2e0c2b4b4153f77', '1574154866');
INSERT INTO `t_role_menu` VALUES ('c0c1b1212fda43e1b2e0c2b4b4153f77', '1574237798');
INSERT INTO `t_role_menu` VALUES ('c0c1b1212fda43e1b2e0c2b4b4153f77', '1574237836');
INSERT INTO `t_role_menu` VALUES ('29934f79215d424db4af54f90158d2c2', '1572702717');
INSERT INTO `t_role_menu` VALUES ('29934f79215d424db4af54f90158d2c2', '1573175690');
INSERT INTO `t_role_menu` VALUES ('29934f79215d424db4af54f90158d2c2', '1');
INSERT INTO `t_role_menu` VALUES ('29934f79215d424db4af54f90158d2c2', '10');
INSERT INTO `t_role_menu` VALUES ('29934f79215d424db4af54f90158d2c2', '1545632828');
INSERT INTO `t_role_menu` VALUES ('29934f79215d424db4af54f90158d2c2', '1545637078');
INSERT INTO `t_role_menu` VALUES ('29934f79215d424db4af54f90158d2c2', '1545637233');
INSERT INTO `t_role_menu` VALUES ('29934f79215d424db4af54f90158d2c2', '1545701056');
INSERT INTO `t_role_menu` VALUES ('29934f79215d424db4af54f90158d2c2', '1545701857');
INSERT INTO `t_role_menu` VALUES ('29934f79215d424db4af54f90158d2c2', '1563346414');
INSERT INTO `t_role_menu` VALUES ('29934f79215d424db4af54f90158d2c2', '1563349698');
INSERT INTO `t_role_menu` VALUES ('29934f79215d424db4af54f90158d2c2', '1572249769');
INSERT INTO `t_role_menu` VALUES ('29934f79215d424db4af54f90158d2c2', '1572320564');
INSERT INTO `t_role_menu` VALUES ('29934f79215d424db4af54f90158d2c2', '1572337840');
INSERT INTO `t_role_menu` VALUES ('29934f79215d424db4af54f90158d2c2', '1572338365');
INSERT INTO `t_role_menu` VALUES ('29934f79215d424db4af54f90158d2c2', '1572360847');
INSERT INTO `t_role_menu` VALUES ('29934f79215d424db4af54f90158d2c2', '1572576184');
INSERT INTO `t_role_menu` VALUES ('29934f79215d424db4af54f90158d2c2', '1572845856');
INSERT INTO `t_role_menu` VALUES ('29934f79215d424db4af54f90158d2c2', '1572849140');
INSERT INTO `t_role_menu` VALUES ('29934f79215d424db4af54f90158d2c2', '1572853182');
INSERT INTO `t_role_menu` VALUES ('29934f79215d424db4af54f90158d2c2', '1572854669');
INSERT INTO `t_role_menu` VALUES ('29934f79215d424db4af54f90158d2c2', '1573610968');
INSERT INTO `t_role_menu` VALUES ('29934f79215d424db4af54f90158d2c2', '1585536745');
INSERT INTO `t_role_menu` VALUES ('29934f79215d424db4af54f90158d2c2', '2');
INSERT INTO `t_role_menu` VALUES ('29934f79215d424db4af54f90158d2c2', '1545367804');
INSERT INTO `t_role_menu` VALUES ('29934f79215d424db4af54f90158d2c2', '1545632982');
INSERT INTO `t_role_menu` VALUES ('29934f79215d424db4af54f90158d2c2', '1545635629');
INSERT INTO `t_role_menu` VALUES ('29934f79215d424db4af54f90158d2c2', '1545638415');
INSERT INTO `t_role_menu` VALUES ('29934f79215d424db4af54f90158d2c2', '1545640459');
INSERT INTO `t_role_menu` VALUES ('29934f79215d424db4af54f90158d2c2', '1563346263');
INSERT INTO `t_role_menu` VALUES ('29934f79215d424db4af54f90158d2c2', '1563786247');
INSERT INTO `t_role_menu` VALUES ('29934f79215d424db4af54f90158d2c2', '1572361117');
INSERT INTO `t_role_menu` VALUES ('29934f79215d424db4af54f90158d2c2', '1573740803');
INSERT INTO `t_role_menu` VALUES ('29934f79215d424db4af54f90158d2c2', '1577889086');
INSERT INTO `t_role_menu` VALUES ('29934f79215d424db4af54f90158d2c2', '1588154815');
INSERT INTO `t_role_menu` VALUES ('29934f79215d424db4af54f90158d2c2', '3');
INSERT INTO `t_role_menu` VALUES ('29934f79215d424db4af54f90158d2c2', '5');
INSERT INTO `t_role_menu` VALUES ('29934f79215d424db4af54f90158d2c2', '1545633020');
INSERT INTO `t_role_menu` VALUES ('29934f79215d424db4af54f90158d2c2', '1545634669');
INSERT INTO `t_role_menu` VALUES ('29934f79215d424db4af54f90158d2c2', '1545635671');
INSERT INTO `t_role_menu` VALUES ('29934f79215d424db4af54f90158d2c2', '1545638700');
INSERT INTO `t_role_menu` VALUES ('29934f79215d424db4af54f90158d2c2', '1545640384');
INSERT INTO `t_role_menu` VALUES ('29934f79215d424db4af54f90158d2c2', '1563863147');
INSERT INTO `t_role_menu` VALUES ('29934f79215d424db4af54f90158d2c2', '1572361175');
INSERT INTO `t_role_menu` VALUES ('29934f79215d424db4af54f90158d2c2', '1573201534');
INSERT INTO `t_role_menu` VALUES ('29934f79215d424db4af54f90158d2c2', '1573802580');
INSERT INTO `t_role_menu` VALUES ('29934f79215d424db4af54f90158d2c2', '4');
INSERT INTO `t_role_menu` VALUES ('29934f79215d424db4af54f90158d2c2', '9');
INSERT INTO `t_role_menu` VALUES ('29934f79215d424db4af54f90158d2c2', '1545634321');
INSERT INTO `t_role_menu` VALUES ('29934f79215d424db4af54f90158d2c2', '1545634357');
INSERT INTO `t_role_menu` VALUES ('29934f79215d424db4af54f90158d2c2', '1545634996');
INSERT INTO `t_role_menu` VALUES ('29934f79215d424db4af54f90158d2c2', '1545701267');
INSERT INTO `t_role_menu` VALUES ('29934f79215d424db4af54f90158d2c2', '1545701985');
INSERT INTO `t_role_menu` VALUES ('29934f79215d424db4af54f90158d2c2', '1563871600');
INSERT INTO `t_role_menu` VALUES ('29934f79215d424db4af54f90158d2c2', '1572361242');
INSERT INTO `t_role_menu` VALUES ('29934f79215d424db4af54f90158d2c2', '1573802624');
INSERT INTO `t_role_menu` VALUES ('29934f79215d424db4af54f90158d2c2', '1545635268');
INSERT INTO `t_role_menu` VALUES ('29934f79215d424db4af54f90158d2c2', '1545639211');
INSERT INTO `t_role_menu` VALUES ('29934f79215d424db4af54f90158d2c2', '1545640329');
INSERT INTO `t_role_menu` VALUES ('29934f79215d424db4af54f90158d2c2', '1545701350');
INSERT INTO `t_role_menu` VALUES ('29934f79215d424db4af54f90158d2c2', '1545701920');
INSERT INTO `t_role_menu` VALUES ('29934f79215d424db4af54f90158d2c2', '1563938614');
INSERT INTO `t_role_menu` VALUES ('29934f79215d424db4af54f90158d2c2', '1571984091');
INSERT INTO `t_role_menu` VALUES ('29934f79215d424db4af54f90158d2c2', '1574065950');
INSERT INTO `t_role_menu` VALUES ('29934f79215d424db4af54f90158d2c2', '1545638902');
INSERT INTO `t_role_menu` VALUES ('29934f79215d424db4af54f90158d2c2', '1545639268');
INSERT INTO `t_role_menu` VALUES ('29934f79215d424db4af54f90158d2c2', '1545701482');
INSERT INTO `t_role_menu` VALUES ('29934f79215d424db4af54f90158d2c2', '1553153001');
INSERT INTO `t_role_menu` VALUES ('29934f79215d424db4af54f90158d2c2', '1572361628');
INSERT INTO `t_role_menu` VALUES ('29934f79215d424db4af54f90158d2c2', '1574154744');
INSERT INTO `t_role_menu` VALUES ('29934f79215d424db4af54f90158d2c2', '7');
INSERT INTO `t_role_menu` VALUES ('29934f79215d424db4af54f90158d2c2', '1545634395');
INSERT INTO `t_role_menu` VALUES ('29934f79215d424db4af54f90158d2c2', '1545638021');
INSERT INTO `t_role_menu` VALUES ('29934f79215d424db4af54f90158d2c2', '1545701154');
INSERT INTO `t_role_menu` VALUES ('29934f79215d424db4af54f90158d2c2', '1545702459');
INSERT INTO `t_role_menu` VALUES ('29934f79215d424db4af54f90158d2c2', '1572357136');
INSERT INTO `t_role_menu` VALUES ('29934f79215d424db4af54f90158d2c2', '1572518928');
INSERT INTO `t_role_menu` VALUES ('29934f79215d424db4af54f90158d2c2', '1574154784');
INSERT INTO `t_role_menu` VALUES ('29934f79215d424db4af54f90158d2c2', '1545635194');
INSERT INTO `t_role_menu` VALUES ('29934f79215d424db4af54f90158d2c2', '1553153144');
INSERT INTO `t_role_menu` VALUES ('29934f79215d424db4af54f90158d2c2', '1568086654');
INSERT INTO `t_role_menu` VALUES ('29934f79215d424db4af54f90158d2c2', '1571208557');
INSERT INTO `t_role_menu` VALUES ('29934f79215d424db4af54f90158d2c2', '1572518906');
INSERT INTO `t_role_menu` VALUES ('29934f79215d424db4af54f90158d2c2', '1574154825');
INSERT INTO `t_role_menu` VALUES ('29934f79215d424db4af54f90158d2c2', '1545635235');
INSERT INTO `t_role_menu` VALUES ('29934f79215d424db4af54f90158d2c2', '1568086688');
INSERT INTO `t_role_menu` VALUES ('29934f79215d424db4af54f90158d2c2', '1571208581');
INSERT INTO `t_role_menu` VALUES ('29934f79215d424db4af54f90158d2c2', '1572514642');
INSERT INTO `t_role_menu` VALUES ('29934f79215d424db4af54f90158d2c2', '1572518883');
INSERT INTO `t_role_menu` VALUES ('29934f79215d424db4af54f90158d2c2', '1574154866');
INSERT INTO `t_role_menu` VALUES ('29934f79215d424db4af54f90158d2c2', '1545635364');
INSERT INTO `t_role_menu` VALUES ('29934f79215d424db4af54f90158d2c2', '1568090968');
INSERT INTO `t_role_menu` VALUES ('29934f79215d424db4af54f90158d2c2', '1571208612');
INSERT INTO `t_role_menu` VALUES ('29934f79215d424db4af54f90158d2c2', '1572514200');
INSERT INTO `t_role_menu` VALUES ('29934f79215d424db4af54f90158d2c2', '1572518859');
INSERT INTO `t_role_menu` VALUES ('29934f79215d424db4af54f90158d2c2', '1574237798');
INSERT INTO `t_role_menu` VALUES ('29934f79215d424db4af54f90158d2c2', '1546414742');
INSERT INTO `t_role_menu` VALUES ('29934f79215d424db4af54f90158d2c2', '1568091003');
INSERT INTO `t_role_menu` VALUES ('29934f79215d424db4af54f90158d2c2', '1571208629');
INSERT INTO `t_role_menu` VALUES ('29934f79215d424db4af54f90158d2c2', '1572513993');
INSERT INTO `t_role_menu` VALUES ('29934f79215d424db4af54f90158d2c2', '1572518838');
INSERT INTO `t_role_menu` VALUES ('29934f79215d424db4af54f90158d2c2', '1574237836');
INSERT INTO `t_role_menu` VALUES ('29934f79215d424db4af54f90158d2c2', '1546416303');
INSERT INTO `t_role_menu` VALUES ('29934f79215d424db4af54f90158d2c2', '1571208179');
INSERT INTO `t_role_menu` VALUES ('29934f79215d424db4af54f90158d2c2', '1571208339');
INSERT INTO `t_role_menu` VALUES ('29934f79215d424db4af54f90158d2c2', '1572513944');
INSERT INTO `t_role_menu` VALUES ('29934f79215d424db4af54f90158d2c2', '1572517985');
INSERT INTO `t_role_menu` VALUES ('29934f79215d424db4af54f90158d2c2', '1572518816');
INSERT INTO `t_role_menu` VALUES ('29934f79215d424db4af54f90158d2c2', '1571208234');
INSERT INTO `t_role_menu` VALUES ('29934f79215d424db4af54f90158d2c2', '1571208368');
INSERT INTO `t_role_menu` VALUES ('29934f79215d424db4af54f90158d2c2', '1572513888');
INSERT INTO `t_role_menu` VALUES ('29934f79215d424db4af54f90158d2c2', '1572517962');
INSERT INTO `t_role_menu` VALUES ('29934f79215d424db4af54f90158d2c2', '1572614770');
INSERT INTO `t_role_menu` VALUES ('29934f79215d424db4af54f90158d2c2', '1571208261');
INSERT INTO `t_role_menu` VALUES ('29934f79215d424db4af54f90158d2c2', '1571208387');
INSERT INTO `t_role_menu` VALUES ('29934f79215d424db4af54f90158d2c2', '1572513393');
INSERT INTO `t_role_menu` VALUES ('29934f79215d424db4af54f90158d2c2', '1572517933');
INSERT INTO `t_role_menu` VALUES ('29934f79215d424db4af54f90158d2c2', '1572614809');
INSERT INTO `t_role_menu` VALUES ('29934f79215d424db4af54f90158d2c2', '1574824496');
INSERT INTO `t_role_menu` VALUES ('29934f79215d424db4af54f90158d2c2', '1571208452');
INSERT INTO `t_role_menu` VALUES ('29934f79215d424db4af54f90158d2c2', '1572513199');
INSERT INTO `t_role_menu` VALUES ('29934f79215d424db4af54f90158d2c2', '1572517906');
INSERT INTO `t_role_menu` VALUES ('29934f79215d424db4af54f90158d2c2', '1574234962');
INSERT INTO `t_role_menu` VALUES ('29934f79215d424db4af54f90158d2c2', '1574326798');
INSERT INTO `t_role_menu` VALUES ('29934f79215d424db4af54f90158d2c2', '1571208481');
INSERT INTO `t_role_menu` VALUES ('29934f79215d424db4af54f90158d2c2', '1572514175');
INSERT INTO `t_role_menu` VALUES ('29934f79215d424db4af54f90158d2c2', '1572517882');
INSERT INTO `t_role_menu` VALUES ('29934f79215d424db4af54f90158d2c2', '1574315067');
INSERT INTO `t_role_menu` VALUES ('29934f79215d424db4af54f90158d2c2', '1574327323');
INSERT INTO `t_role_menu` VALUES ('29934f79215d424db4af54f90158d2c2', '1571208503');
INSERT INTO `t_role_menu` VALUES ('29934f79215d424db4af54f90158d2c2', '1572517850');
INSERT INTO `t_role_menu` VALUES ('29934f79215d424db4af54f90158d2c2', '1574234372');
INSERT INTO `t_role_menu` VALUES ('29934f79215d424db4af54f90158d2c2', '1574327351');
INSERT INTO `t_role_menu` VALUES ('29934f79215d424db4af54f90158d2c2', '1571208527');
INSERT INTO `t_role_menu` VALUES ('29934f79215d424db4af54f90158d2c2', '1574235653');
INSERT INTO `t_role_menu` VALUES ('29934f79215d424db4af54f90158d2c2', '1574327388');
INSERT INTO `t_role_menu` VALUES ('29934f79215d424db4af54f90158d2c2', '1574385310');
INSERT INTO `t_role_menu` VALUES ('29934f79215d424db4af54f90158d2c2', '1575013637');
INSERT INTO `t_role_menu` VALUES ('29934f79215d424db4af54f90158d2c2', '1575013671');
INSERT INTO `t_role_menu` VALUES ('29934f79215d424db4af54f90158d2c2', '1595812358');
INSERT INTO `t_role_menu` VALUES ('29934f79215d424db4af54f90158d2c2', '1575013701');
INSERT INTO `t_role_menu` VALUES ('29934f79215d424db4af54f90158d2c2', '1575013723');
INSERT INTO `t_role_menu` VALUES ('29934f79215d424db4af54f90158d2c2', '1575013758');
INSERT INTO `t_role_menu` VALUES ('29934f79215d424db4af54f90158d2c2', '1575007922');
INSERT INTO `t_role_menu` VALUES ('29934f79215d424db4af54f90158d2c2', '1575009758');
INSERT INTO `t_role_menu` VALUES ('29934f79215d424db4af54f90158d2c2', '1575010747');
INSERT INTO `t_role_menu` VALUES ('29934f79215d424db4af54f90158d2c2', '1597285389');

-- ----------------------------
-- Table structure for t_user_role
-- ----------------------------
DROP TABLE IF EXISTS `t_user_role`;
CREATE TABLE `t_user_role`  (
  `user_id` varchar(50) CHARACTER SET utf8 COLLATE utf8_general_ci NOT NULL,
  `role_id` varchar(50) CHARACTER SET utf8 COLLATE utf8_general_ci NULL DEFAULT NULL,
  PRIMARY KEY (`user_id`) USING BTREE
) ENGINE = InnoDB CHARACTER SET = utf8 COLLATE = utf8_general_ci ROW_FORMAT = Dynamic;

-- ----------------------------
-- Records of t_user_role
-- ----------------------------
INSERT INTO `t_user_role` VALUES ('003047e1-a055-4e69-944f-b2c602d1fcaf', 'a95c4cecd1ef4ae0958fe09521e2f844');
INSERT INTO `t_user_role` VALUES ('047032dd-10bd-4b55-9167-86e10c7e5080', 'a95c4cecd1ef4ae0958fe09521e2f844');
INSERT INTO `t_user_role` VALUES ('056b3031-ac83-4575-9110-6fdb4a89d327', 'fd6e5393aac44f179c79ee94c50fdf70');
INSERT INTO `t_user_role` VALUES ('0583c22c-2cbe-43f8-9174-6f7ba0112cbe', 'a95c4cecd1ef4ae0958fe09521e2f844');
INSERT INTO `t_user_role` VALUES ('07779236-900e-4871-ab0c-69e1afa02c25', '29934f79215d424db4af54f90158d2c2');
INSERT INTO `t_user_role` VALUES ('07779236-900e-4871-ab0c-69e1afa02c26', 'a95c4cecd1ef4ae0958fe09521e2f844');
INSERT INTO `t_user_role` VALUES ('1', '29934f79215d424db4af54f90158d2c2');
INSERT INTO `t_user_role` VALUES ('1083335d-6c5a-47df-b829-f9af05cb1712', 'c0c1b1212fda43e1b2e0c2b4b4153f77');
INSERT INTO `t_user_role` VALUES ('1639b063-7a18-42a6-8206-a5c5977d5b7a', 'a95c4cecd1ef4ae0958fe09521e2f844');
INSERT INTO `t_user_role` VALUES ('163e408f-bcb7-4f05-aa1b-742c81979059', '29934f79215d424db4af54f90158d2c2');
INSERT INTO `t_user_role` VALUES ('1dbc5933-bb26-4b54-be0d-effbbae9df21', 'a95c4cecd1ef4ae0958fe09521e2f844');
INSERT INTO `t_user_role` VALUES ('20355db6-a369-4bcb-a553-17d2a38c5927', 'a95c4cecd1ef4ae0958fe09521e2f844');
INSERT INTO `t_user_role` VALUES ('21fc8d17-4e21-4b41-bd8a-e9b9abee6d95', '29934f79215d424db4af54f90158d2c2');
INSERT INTO `t_user_role` VALUES ('2a8db7d7-4e7b-4b6c-a13d-3fccfe4a66be', 'a95c4cecd1ef4ae0958fe09521e2f844');
INSERT INTO `t_user_role` VALUES ('2b4ca23b-df03-4616-aec4-8926757d1803', '47ee2d0a73ab4253bb69f5f5a6bc4f6a');
INSERT INTO `t_user_role` VALUES ('31a6e539-3eb1-43dc-ad28-f32d900def08', 'a95c4cecd1ef4ae0958fe09521e2f844');
INSERT INTO `t_user_role` VALUES ('3286e3e4-f1be-4616-94f8-121537e92891', 'a95c4cecd1ef4ae0958fe09521e2f844');
INSERT INTO `t_user_role` VALUES ('32afef7e-2bfc-4c38-afed-86c9e0465ff7', '123');
INSERT INTO `t_user_role` VALUES ('33ecc0e8-787f-4216-aeb8-4e3013689580', '5da510c65ee54ba3a7d6ef0f1b6aab8e');
INSERT INTO `t_user_role` VALUES ('3cb1e673-6cc0-4cce-ba1c-29f911a4f622', 'a95c4cecd1ef4ae0958fe09521e2f844');
INSERT INTO `t_user_role` VALUES ('3d1da3a4-341a-464a-b1b3-85b206572112', 'a95c4cecd1ef4ae0958fe09521e2f844');
INSERT INTO `t_user_role` VALUES ('3e0c3744-283f-40fa-a3ac-4af3d69bba71', '29934f79215d424db4af54f90158d2c2');
INSERT INTO `t_user_role` VALUES ('3f242ca5-9219-40b6-912b-79b133b91526', 'a95c4cecd1ef4ae0958fe09521e2f844');
INSERT INTO `t_user_role` VALUES ('3f54d096-7a36-4b4c-9a19-babd2789a9e7', 'a95c4cecd1ef4ae0958fe09521e2f844');
INSERT INTO `t_user_role` VALUES ('40879ec4-ff41-449e-b9df-9df7c3accc11', 'e044d4261e8b4d16adc85b4d5178d9ab');
INSERT INTO `t_user_role` VALUES ('41507c23-4360-40c8-ae33-f06f82e4feed', '29934f79215d424db4af54f90158d2c2');
INSERT INTO `t_user_role` VALUES ('41b3e862-1fd8-4740-8f19-e8a90db83ade', 'a95c4cecd1ef4ae0958fe09521e2f844');
INSERT INTO `t_user_role` VALUES ('422fc639-8ba4-4111-a9ab-8412887c5b9a', 'a95c4cecd1ef4ae0958fe09521e2f844');
INSERT INTO `t_user_role` VALUES ('432ed073-905f-446a-ac20-5cb119e1b48b', 'a95c4cecd1ef4ae0958fe09521e2f844');
INSERT INTO `t_user_role` VALUES ('446b79bc-6197-4d0a-9c1a-5aaf087c53d3', '29934f79215d424db4af54f90158d2c2');
INSERT INTO `t_user_role` VALUES ('47d9f763-1f15-4136-a98f-659e725b5688', 'fd6e5393aac44f179c79ee94c50fdf70');
INSERT INTO `t_user_role` VALUES ('481b4cb8-e7ff-4693-91d9-193b5a5d4913', 'a95c4cecd1ef4ae0958fe09521e2f844');
INSERT INTO `t_user_role` VALUES ('4e6a8650-f61d-4557-8ece-86d6b9f1e03a', '29934f79215d424db4af54f90158d2c2');
INSERT INTO `t_user_role` VALUES ('4f029a73-79f3-438b-80e7-5244c11d0657', 'a95c4cecd1ef4ae0958fe09521e2f844');
INSERT INTO `t_user_role` VALUES ('50ddb781-3c59-40b7-8e36-1b1b941864b1', 'a95c4cecd1ef4ae0958fe09521e2f844');
INSERT INTO `t_user_role` VALUES ('5571edea-bac0-45d6-a96f-4f0b3cf2f872', 'a95c4cecd1ef4ae0958fe09521e2f844');
INSERT INTO `t_user_role` VALUES ('55b618b8-4bfd-49e5-9977-ab7b0e0e80ac', 'a95c4cecd1ef4ae0958fe09521e2f844');
INSERT INTO `t_user_role` VALUES ('567538c5-6b23-42ff-94f5-c9bfde534971', 'a95c4cecd1ef4ae0958fe09521e2f844');
INSERT INTO `t_user_role` VALUES ('5b8985a7-b33d-466e-8418-3895fb5f5247', 'c9f94ec80ad84a81af045e3fb333b385');
INSERT INTO `t_user_role` VALUES ('5d62a203-e863-4143-ab40-7a1a074c99c2', '29934f79215d424db4af54f90158d2c2');
INSERT INTO `t_user_role` VALUES ('5dd88e6b-c175-4d32-9251-c1b70faee367', 'a95c4cecd1ef4ae0958fe09521e2f844');
INSERT INTO `t_user_role` VALUES ('62f960b0-322a-4539-bd54-3d6693243b78', 'a95c4cecd1ef4ae0958fe09521e2f844');
INSERT INTO `t_user_role` VALUES ('6f015942-67d3-484a-974f-e3d5f9a52f43', 'a95c4cecd1ef4ae0958fe09521e2f844');
INSERT INTO `t_user_role` VALUES ('731df0d5-4de1-47e1-b6a0-85f0b4ad4b83', '29934f79215d424db4af54f90158d2c2');
INSERT INTO `t_user_role` VALUES ('73d8f012-766f-41a8-b4b9-06b215356ad3', 'a95c4cecd1ef4ae0958fe09521e2f844');
INSERT INTO `t_user_role` VALUES ('7a32bc3a-abc6-4c17-9602-9220e8ad3c4c', 'a95c4cecd1ef4ae0958fe09521e2f844');
INSERT INTO `t_user_role` VALUES ('7b517960-53ff-4d9f-928c-b1ecf0158163', 'a95c4cecd1ef4ae0958fe09521e2f844');
INSERT INTO `t_user_role` VALUES ('82837843-1b8b-4e88-b230-0594407cc586', '5439c098a3de41efa0725e8c493ce996');
INSERT INTO `t_user_role` VALUES ('84804340-2c2f-41d2-b738-87c35353061e', 'a95c4cecd1ef4ae0958fe09521e2f844');
INSERT INTO `t_user_role` VALUES ('8a2c4a17-7f6f-4091-af80-1d276414b3e8', 'a95c4cecd1ef4ae0958fe09521e2f844');
INSERT INTO `t_user_role` VALUES ('8ad3f7f3-61f3-4f33-bfa1-380d18ad1eb8', 'aa3de3a8579149a4a8ee6236794203c5');
INSERT INTO `t_user_role` VALUES ('8f0ca433-8794-4388-857a-2b56906f7e1e', 'a95c4cecd1ef4ae0958fe09521e2f844');
INSERT INTO `t_user_role` VALUES ('8f586fec-d71f-402d-8ce7-d5b9a12a2e40', 'a95c4cecd1ef4ae0958fe09521e2f844');
INSERT INTO `t_user_role` VALUES ('95784eb7-958b-4990-8edf-4ee5a61a0806', '29934f79215d424db4af54f90158d2c2');
INSERT INTO `t_user_role` VALUES ('95a48a79-a136-42d5-9a2f-d421622dbe28', 'a95c4cecd1ef4ae0958fe09521e2f844');
INSERT INTO `t_user_role` VALUES ('96dcc927-028a-469f-8d53-b5582501ec3d', 'a95c4cecd1ef4ae0958fe09521e2f844');
INSERT INTO `t_user_role` VALUES ('98723a5a-b874-4368-8a77-9ed8f4bdcdc5', 'a95c4cecd1ef4ae0958fe09521e2f844');
INSERT INTO `t_user_role` VALUES ('98a687a1-66bb-495e-817b-246856b119d9', 'a95c4cecd1ef4ae0958fe09521e2f844');
INSERT INTO `t_user_role` VALUES ('9b713b72-786e-492c-97dd-c53f4c6efa11', 'a95c4cecd1ef4ae0958fe09521e2f844');
INSERT INTO `t_user_role` VALUES ('9b97e744-247b-4db3-b02d-799f62a17c9c', '29934f79215d424db4af54f90158d2c2');
INSERT INTO `t_user_role` VALUES ('9ef8893b-5e97-4a2e-a0a0-40483c2647f8', 'bf540856a02e4ff6907c39895abac7ee');
INSERT INTO `t_user_role` VALUES ('a03603e5-9689-4de4-8f9c-8f5e8daecfdd', '29934f79215d424db4af54f90158d2c2');
INSERT INTO `t_user_role` VALUES ('a30edd05-d52f-4330-8548-c52217a06013', 'a95c4cecd1ef4ae0958fe09521e2f844');
INSERT INTO `t_user_role` VALUES ('a3f1b25a-5f3b-44c1-86f9-0811eb7d2167', 'a95c4cecd1ef4ae0958fe09521e2f844');
INSERT INTO `t_user_role` VALUES ('a88d4e0d-cb80-476e-aa8b-ac25bd31ed87', 'a95c4cecd1ef4ae0958fe09521e2f844');
INSERT INTO `t_user_role` VALUES ('aa2aad14-e4b5-4906-85c5-0c3147c8a9ca', 'a95c4cecd1ef4ae0958fe09521e2f844');
INSERT INTO `t_user_role` VALUES ('ab10f40e-74d2-4ef5-838c-76a2fb2e9669', 'a95c4cecd1ef4ae0958fe09521e2f844');
INSERT INTO `t_user_role` VALUES ('ab54f535-f412-459c-a35a-0a7cbd438b9d', 'a95c4cecd1ef4ae0958fe09521e2f844');
INSERT INTO `t_user_role` VALUES ('ada0b93f-4d2b-4d6c-9524-0afd87ea7985', '29934f79215d424db4af54f90158d2c2');
INSERT INTO `t_user_role` VALUES ('b52bcb79-e81b-44c2-baa5-6f87202c2f11', 'a95c4cecd1ef4ae0958fe09521e2f844');
INSERT INTO `t_user_role` VALUES ('b6154933-199c-461f-8af7-d11e6491ff97', 'a95c4cecd1ef4ae0958fe09521e2f844');
INSERT INTO `t_user_role` VALUES ('b6edf763-33c5-4d00-9bb5-12ae66615490', 'a95c4cecd1ef4ae0958fe09521e2f844');
INSERT INTO `t_user_role` VALUES ('b92a93f8-1187-4596-8a88-01fa70f20569', '1234');
INSERT INTO `t_user_role` VALUES ('becaf9cf-8fea-4abe-a930-33f90b46a907', '5439c098a3de41efa0725e8c493ce996');
INSERT INTO `t_user_role` VALUES ('c1d871b6-f98e-44f3-971c-0dceaea1f7b5', 'a95c4cecd1ef4ae0958fe09521e2f844');
INSERT INTO `t_user_role` VALUES ('c34bb74c-40c4-4800-b2f1-3ae739f2f078', '29934f79215d424db4af54f90158d2c2');
INSERT INTO `t_user_role` VALUES ('cbf9108d-7cc3-41e0-ab58-393f005c084e', 'a95c4cecd1ef4ae0958fe09521e2f844');
INSERT INTO `t_user_role` VALUES ('d34efab6-038a-451e-a0be-c5f1a3b3d165', '5439c098a3de41efa0725e8c493ce996');
INSERT INTO `t_user_role` VALUES ('d47ef887-9274-4e2e-9fa9-ca8776bea7da', 'bf540856a02e4ff6907c39895abac7ee');
INSERT INTO `t_user_role` VALUES ('da3168ca-1d24-44da-b33b-fc39e44af45b', 'a95c4cecd1ef4ae0958fe09521e2f844');
INSERT INTO `t_user_role` VALUES ('ddb61ac8-bc54-44ef-bcde-1a4da4e0fb13', 'a95c4cecd1ef4ae0958fe09521e2f844');
INSERT INTO `t_user_role` VALUES ('de72f833-af45-434c-a355-017eefc9b987', '29934f79215d424db4af54f90158d2c2');
INSERT INTO `t_user_role` VALUES ('deb11e8d-59dd-4a6f-8601-c0f546e8468a', 'a95c4cecd1ef4ae0958fe09521e2f844');
INSERT INTO `t_user_role` VALUES ('e02bf036-3aee-4f20-9823-95727e148aa5', 'a95c4cecd1ef4ae0958fe09521e2f844');
INSERT INTO `t_user_role` VALUES ('e0b69699-de2b-4b4b-9876-0ca997d556a2', 'aa3de3a8579149a4a8ee6236794203c5');
INSERT INTO `t_user_role` VALUES ('e8b66f50-a839-4f63-8878-3ffb6476e5aa', 'a95c4cecd1ef4ae0958fe09521e2f844');
INSERT INTO `t_user_role` VALUES ('ed8e966e-25fa-4f2c-ac0e-bbcb0650e692', '0b6bb6f6c6e74e499fadc4f926883362');
INSERT INTO `t_user_role` VALUES ('effcdc50-ed52-421a-9225-14e04f4ef995', 'fd6e5393aac44f179c79ee94c50fdf70');
INSERT INTO `t_user_role` VALUES ('f421c2b2-cfae-4d80-a275-a262a5358e72', 'aa3de3a8579149a4a8ee6236794203c5');
INSERT INTO `t_user_role` VALUES ('fbef4cef-2309-4e67-a536-486dac015a6f', 'a95c4cecd1ef4ae0958fe09521e2f844');
INSERT INTO `t_user_role` VALUES ('fd671498-ba97-42a4-8af5-f81844021ef2', 'a95c4cecd1ef4ae0958fe09521e2f844');
INSERT INTO `t_user_role` VALUES ('xfxx_zjb_userid', 'a95c4cecd1ef4ae0958fe09521e2f844');

SET FOREIGN_KEY_CHECKS = 1;
